WKT;gid
"MULTIPOLYGON (((-63.2292602003291 -32.3867437163658,-63.2285333869025 -32.3840633832024,-63.2233581078371 -32.3849073194227,-63.2241536580514 -32.3877606453201,-63.2292602003291 -32.3867437163658,-63.2292602003291 -32.3867437163658)))";"1"
"MULTIPOLYGON (((-63.2233581078371 -32.3849073194227,-63.2285333869025 -32.3840633832024,-63.2277432769222 -32.381245077586,-63.2225456513565 -32.3820937404013,-63.2233581078371 -32.3849073194227,-63.2233581078371 -32.3849073194227)))";"2"
"MULTIPOLYGON (((-63.2277432769222 -32.381245077586,-63.2272514151057 -32.3794905155828,-63.2220663650638 -32.3803518725875,-63.2225456513565 -32.3820937404013,-63.2277432769222 -32.381245077586,-63.2277432769222 -32.381245077586)))";"3"
"MULTIPOLYGON (((-63.2272514151057 -32.3794905155828,-63.2266366135565 -32.3772973109514,-63.2214945541565 -32.3783351716861,-63.2220663650638 -32.3803518725875,-63.2272514151057 -32.3794905155828,-63.2272514151057 -32.3794905155828)))";"4"
"MULTIPOLYGON (((-63.2266366135565 -32.3772973109514,-63.2265524798719 -32.3770126899945,-63.2214206857236 -32.3780746436396,-63.2214945541565 -32.3783351716861,-63.2266366135565 -32.3772973109514,-63.2266366135565 -32.3772973109514)))";"5"
"MULTIPOLYGON (((-63.2265524798719 -32.3770126899945,-63.2262701677319 -32.3760035369266,-63.2211290518663 -32.3770460495238,-63.2214206857236 -32.3780746436396,-63.2265524798719 -32.3770126899945,-63.2265524798719 -32.3770126899945)))";"6"
"MULTIPOLYGON (((-63.2262701677319 -32.3760035369266,-63.2260244537662 -32.3751251838513,-63.2208789777382 -32.3761640196643,-63.2211290518663 -32.3770460495238,-63.2262701677319 -32.3760035369266,-63.2262701677319 -32.3760035369266)))";"7"
"MULTIPOLYGON (((-63.2260244537662 -32.3751251838513,-63.2247735308123 -32.3706503947425,-63.2221860734961 -32.3711726661624,-63.2199801830216 -32.372993746081,-63.2208789777382 -32.3761640196643,-63.2260244537662 -32.3751251838513,-63.2260244537662 -32.3751251838513)))";"8"
"MULTIPOLYGON (((-63.2247735308123 -32.3706503947425,-63.2244261864791 -32.3694228213185,-63.2221860760863 -32.3711726645066,-63.2247735308123 -32.3706503947425,-63.2247735308123 -32.3706503947425)))";"9"
"MULTIPOLYGON (((-63.2165719688509 -32.3830909169501,-63.222410291445 -32.3816164189969,-63.2199801830216 -32.372993746081,-63.2122425312953 -32.3803243321179,-63.2165719688509 -32.3830909169501,-63.2165719688509 -32.3830909169501)))";"10"
"MULTIPOLYGON (((-63.2165719688509 -32.3830909169501,-63.2242127979499 -32.3879727597273,-63.222410291445 -32.3816164189969,-63.2165719688509 -32.3830909169501,-63.2165719688509 -32.3830909169501)))";"11"
"MULTIPOLYGON (((-63.2042137131989 -32.3915132301964,-63.2077200784882 -32.3914969103895,-63.2077259628962 -32.3907027125127,-63.2062688790047 -32.3902402990118,-63.206235940859 -32.39027794703,-63.2061970758413 -32.3903112787272,-63.2061530603822 -32.3903396282104,-63.2061047738093 -32.3903624291194,-63.2060531807799 -32.3903792259418,-63.2059993120089 -32.3903896831137,-63.2059442436773 -32.3903935917233,-63.2058890759314 -32.3903908736851,-63.2058349109036 -32.3903815832996,-63.2057828306936 -32.3903659061684,-63.2057338757496 -32.3903441554866,-63.2046795129448 -32.3899804387197,-63.2042228075247 -32.390088545731,-63.2042137131989 -32.3915132301964,-63.2042137131989 -32.3915132301964)))";"12"
"MULTIPOLYGON (((-63.2041963476942 -32.3942335773772,-63.2076999222786 -32.3942172577075,-63.2077200784882 -32.3914969103895,-63.2042137131989 -32.3915132301964,-63.2041963476942 -32.3942335773772,-63.2041963476942 -32.3942335773772)))";"13"
"MULTIPOLYGON (((-63.2041785377199 -32.3970234556662,-63.207679077336 -32.3970304520161,-63.2076999222786 -32.3942172577075,-63.2041963476942 -32.3942335773772,-63.2041785377199 -32.3970234556662,-63.2041785377199 -32.3970234556662)))";"14"
"MULTIPOLYGON (((-63.207679077336 -32.3970304520161,-63.2041785377199 -32.3970234556662,-63.2041088005081 -32.4079466407437,-63.2075977901389 -32.4079997830696,-63.207679077336 -32.3970304520161,-63.207679077336 -32.3970304520161)))";"15"
"MULTIPOLYGON (((-63.2076643680977 -32.3990155179239,-63.2111248030672 -32.3990122691875,-63.2111522525069 -32.3907034527614,-63.2077259628962 -32.3907027125127,-63.2076643680977 -32.3990155179239,-63.2076643680977 -32.3990155179239)))";"16"
"MULTIPOLYGON (((-63.2118993046652 -32.3954699158993,-63.2144341768975 -32.3927459435382,-63.2114192947382 -32.3907908695342,-63.2113569988034 -32.3907601413731,-63.2112912330438 -32.3907351548343,-63.2112227299519 -32.3907161882145,-63.2111522525069 -32.3907034527614,-63.2111381046917 -32.3949859543275,-63.2118993046652 -32.3954699158993,-63.2118993046652 -32.3954699158993)))";"17"
"MULTIPOLYGON (((-63.2170641591786 -32.3972869921752,-63.218659468715 -32.395485672401,-63.2160335609362 -32.3937830393038,-63.2159356703782 -32.3965691348421,-63.2170641591786 -32.3972869921752,-63.2170641591786 -32.3972869921752)))";"18"
"MULTIPOLYGON (((-63.2164247814705 -32.3980089101158,-63.2170641591786 -32.3972869921752,-63.2163926314504 -32.3968598207522,-63.2157449955171 -32.3975755439311,-63.2164247814705 -32.3980089101158,-63.2164247814705 -32.3980089101158)))";"19"
"MULTIPOLYGON (((-63.2164247814705 -32.3980089101158,-63.2157449955171 -32.3975755439311,-63.2163926314504 -32.3968598207522,-63.2159356703782 -32.3965691348421,-63.2160335609362 -32.3937830393038,-63.2144341768975 -32.3927459435382,-63.2118993046652 -32.3954699158993,-63.2162332310742 -32.3982251857684,-63.2164247814705 -32.3980089101158,-63.2164247814705 -32.3980089101158)))";"20"
"MULTIPOLYGON (((-63.2148472845428 -32.4036652047754,-63.2158802480992 -32.4043090168133,-63.2158501275457 -32.3986577361898,-63.2162332310742 -32.3982251857684,-63.2148140451958 -32.3973229812198,-63.2148472845428 -32.4036652047754,-63.2148472845428 -32.4036652047754)))";"21"
"MULTIPOLYGON (((-63.2139764645474 -32.4031224376931,-63.2148472845428 -32.4036652047754,-63.2148140451958 -32.3973229812198,-63.2139643242179 -32.3967827804353,-63.2139764645474 -32.4031224376931,-63.2139764645474 -32.4031224376931)))";"22"
"MULTIPOLYGON (((-63.2129567753957 -32.4024868670267,-63.2139764645473 -32.4031224376931,-63.2139655250289 -32.3974099420387,-63.2129458727918 -32.3967598713047,-63.2129567753957 -32.4024868670267,-63.2129567753957 -32.4024868670267)))";"23"
"MULTIPOLYGON (((-63.2113653068517 -32.3990118830008,-63.2114092989386 -32.3951583774174,-63.2111381046917 -32.3949859543275,-63.2111248030672 -32.3990122691875,-63.2113653068517 -32.3990118830008,-63.2113653068517 -32.3990118830008)))";"24"
"MULTIPOLYGON (((-63.2113653068517 -32.3990118830008,-63.2125467348312 -32.3990099792698,-63.2125534525643 -32.395885807232,-63.2114092989386 -32.3951583774174,-63.2113653068517 -32.3990118830008,-63.2113653068517 -32.3990118830008)))";"25"
"MULTIPOLYGON (((-63.2120025376084 -32.3990108575547,-63.2120089641549 -32.4018960822662,-63.2129567753957 -32.4024868670267,-63.2129458727918 -32.3967598713047,-63.2139655250289 -32.3974099420387,-63.2139643242179 -32.3967827804353,-63.2125534525643 -32.395885807232,-63.2125467348312 -32.3990099792698,-63.2120025376084 -32.3990108575547,-63.2120025376084 -32.3990108575547)))";"26"
"MULTIPOLYGON (((-63.2076529918461 -32.4005507479411,-63.2120059520642 -32.4005438445621,-63.2120025376084 -32.3990108575547,-63.2111248030672 -32.3990122691875,-63.2076643680977 -32.3990155179239,-63.2076529918461 -32.4005507479411,-63.2076529918461 -32.4005507479411)))";"27"
"MULTIPOLYGON (((-63.2076402954981 -32.4022640873814,-63.2110388284056 -32.4022794486862,-63.2110449911504 -32.4012952083368,-63.2120089641549 -32.4018960822662,-63.2120059520642 -32.4005438445621,-63.2076529918461 -32.4005507479411,-63.2076402954981 -32.4022640873814,-63.2076402954981 -32.4022640873814)))";"28"
"MULTIPOLYGON (((-63.2076282673213 -32.4038872217171,-63.2110286940222 -32.4038979666783,-63.2110388284056 -32.4022794486862,-63.2076402954981 -32.4022640873814,-63.2076282673213 -32.4038872217171,-63.2076282673213 -32.4038872217171)))";"29"
"MULTIPOLYGON (((-63.2110286940222 -32.4038979666783,-63.2076282673213 -32.4038872217171,-63.2075977901389 -32.4079997830696,-63.2109998325785 -32.4085071293369,-63.2110286940222 -32.4038979666783,-63.2110286940222 -32.4038979666783)))";"30"
"MULTIPOLYGON (((-63.1959976982696 -32.4036121774065,-63.196041876396 -32.3981531238449,-63.195715046554 -32.398465668336,-63.1953821946385 -32.3987736052621,-63.195043410836 -32.3990768511313,-63.1946987869443 -32.3993753237228,-63.1943484163473 -32.399668942109,-63.1939923939899 -32.3999576266778,-63.1936308163523 -32.4002412991541,-63.1932637814237 -32.400519882621,-63.1928913886757 -32.400793301541,-63.1925137390356 -32.4010614817759,-63.1921309348587 -32.4013243506076,-63.1917430799009 -32.4015818367575,-63.1913502792902 -32.4018338704059,-63.1909526394986 -32.4020803832111,-63.1905502683126 -32.4023213083277,-63.1910005483884 -32.4024637815763,-63.1917313755435 -32.4026262075695,-63.1923623025296 -32.4027289328495,-63.1932603772131 -32.4029249214776,-63.194140645062 -32.4031556704652,-63.1959976982696 -32.4036121774065,-63.1959976982696 -32.4036121774065)))";"31"
"MULTIPOLYGON (((-63.1978733953157 -32.4042473851832,-63.1979440763957 -32.3960991087455,-63.1976877491192 -32.3964025569787,-63.1974261871823 -32.3967027731475,-63.19715944715 -32.3969996922683,-63.1968875867101 -32.3972932500704,-63.1966106646602 -32.3975833830101,-63.1963287408957 -32.3978700282845,-63.196041876396 -32.3981531238449,-63.1959976982696 -32.4036121774065,-63.1978733953157 -32.4042473851832,-63.1978733953157 -32.4042473851832)))";"32"
"MULTIPOLYGON (((-63.2001810370149 -32.4049022527767,-63.2002528188904 -32.3932460491063,-63.198006597721 -32.396023641312,-63.1979440763957 -32.3960991087455,-63.1978733953157 -32.4042473851832,-63.2001810370149 -32.4049022527767,-63.2001810370149 -32.4049022527767)))";"33"
"MULTIPOLYGON (((-63.2002528188904 -32.3932460491063,-63.2001810370149 -32.4049022527767,-63.2039415488866 -32.4059560478055,-63.204084176722 -32.3901118710429,-63.2034840641784 -32.3905124395371,-63.2029714614621 -32.3907757168723,-63.2028732145781 -32.3908534173445,-63.2023957051583 -32.3910927766757,-63.2012658925067 -32.3920071989989,-63.2010490576602 -32.39229948643,-63.2009153641461 -32.3924491528417,-63.2005648851127 -32.3929149647769,-63.2003566850617 -32.3931176070334,-63.2002528188904 -32.3932460491063,-63.2002528188904 -32.3932460491063)))";"34"
"MULTIPOLYGON (((-63.1964784734585 -32.4106543800048,-63.1964413065553 -32.4085913322274,-63.1968298288891 -32.4085900156109,-63.1968197189861 -32.406486647177,-63.2007519989158 -32.4064729844564,-63.2007424960603 -32.4051528906866,-63.1978734078932 -32.4043466087847,-63.1960214378465 -32.4037053063839,-63.1924381955334 -32.4028626914685,-63.1925070020043 -32.4109460763242,-63.1925093831543 -32.4109450038081,-63.1925522174624 -32.4109322773547,-63.1925968230594 -32.4109251701218,-63.1926421817844 -32.4109238443381,-63.193975226851 -32.4108549939565,-63.1957052975811 -32.4107320691239,-63.1964784734585 -32.4106543800048,-63.1964784734585 -32.4106543800048)))";"35"
"MULTIPOLYGON (((-63.1827089543203 -32.4202725536821,-63.1791251639331 -32.41544599596,-63.1754511463719 -32.4105972684776,-63.1695646062753 -32.4137666592245,-63.1638462077126 -32.4168162601934,-63.1669762603252 -32.4210590690929,-63.1743539146718 -32.4228707160931,-63.1766673499155 -32.4234544264725,-63.181534384552 -32.4208898155899,-63.1827089543203 -32.4202725536821,-63.1827089543203 -32.4202725536821)))";"36"
"MULTIPOLYGON (((-63.2040181940012 -32.4102393065839,-63.2039575048022 -32.4207414671221,-63.2074601616655 -32.420735670417,-63.2074614756513 -32.4200807370595,-63.2075378208004 -32.4200806835454,-63.2075517562636 -32.4114492314406,-63.2075631083327 -32.4082300445221,-63.2042345847062 -32.4082011740088,-63.2042024309221 -32.4102246961863,-63.2040181940012 -32.4102393065839,-63.2040181940012 -32.4102393065839)))";"37"
"MULTIPOLYGON (((-63.2039575048022 -32.4207414671221,-63.2040181940012 -32.4102393065839,-63.2007888387221 -32.4104953571521,-63.2000932503826 -32.4261537681843,-63.2038201594315 -32.4249871309663,-63.2039511475118 -32.4218415116511,-63.2039575048022 -32.4207414671221,-63.2039575048022 -32.4207414671221)))";"38"
"MULTIPOLYGON (((-63.1853980889872 -32.4238553481636,-63.1873754596937 -32.4265372352263,-63.1897721777338 -32.4271074929263,-63.1941694095345 -32.424806890987,-63.1911715322959 -32.4207749160534,-63.1853980889872 -32.4238553481636,-63.1853980889872 -32.4238553481636)))";"39"
"MULTIPOLYGON (((-63.1927388673626 -32.4228829470852,-63.1977214458862 -32.4221253330587,-63.1978646550279 -32.4142224653817,-63.1922497971734 -32.4161620803159,-63.1886721718525 -32.4174130858899,-63.1927388673626 -32.4228829470852,-63.1927388673626 -32.4228829470852)))";"40"
"MULTIPOLYGON (((-63.1978646550279 -32.4142224653817,-63.1977214458862 -32.4221253330587,-63.1927388673626 -32.4228829470852,-63.1961002575795 -32.4274035421372,-63.2000932503709 -32.4261537681871,-63.2007888387094 -32.410495357133,-63.19785188534 -32.4107281505129,-63.1978646550279 -32.4142224653817,-63.1978646550279 -32.4142224653817)))";"41"
"MULTIPOLYGON (((-63.182855326449 -32.4204721976628,-63.1770015009655 -32.4235502774082,-63.1872720149668 -32.4264958328438,-63.182855326449 -32.4204721976628,-63.182855326449 -32.4204721976628)))";"42"
"MULTIPOLYGON (((-63.1977423079193 -32.4107368346856,-63.1926312050868 -32.4111432396199,-63.1926104487764 -32.4111457564031,-63.1925905128833 -32.4111512661219,-63.1925719924361 -32.4111596043272,-63.1925554402167 -32.4111705221478,-63.1925413502618 -32.4111836937185,-63.1925301431169 -32.4111987259059,-63.1925221532848 -32.4112151700421,-63.1925176192408 -32.411232535317,-63.1925027028115 -32.4133037752218,-63.1924957992257 -32.4133353466554,-63.1924826019845 -32.4133654419695,-63.1924635037811 -32.413393165643,-63.1924390729002 -32.4134176927251,-63.1924100363083 -32.4134382933827,-63.1923772580223 -32.4134543546178,-63.1923417133994 -32.4134653985082,-63.1923044601142 -32.413471096429,-63.1909642057131 -32.4134410223183,-63.190913340254 -32.4134476043861,-63.1908638185821 -32.4134594529787,-63.1908163955002 -32.4134763875015,-63.1907717938254 -32.4134981498408,-63.1907306933732 -32.4135244082979,-63.1899341415184 -32.4140560749541,-63.1877630591448 -32.415517398731,-63.1877267872978 -32.4155445242345,-63.1876958151609 -32.415576023543,-63.1876708669456 -32.4156111601241,-63.1876525260111 -32.4156491123965,-63.1876412212236 -32.4156889929395,-63.1876372169275 -32.4157298692434,-63.1876406067635 -32.4157707855141,-63.1876513114781 -32.4158107850212,-63.1876690807761 -32.41584893247,-63.187693499172 -32.4158843358703,-63.1887300731599 -32.4172636321688,-63.1911588642368 -32.4163846407405,-63.1955144452452 -32.4149144606027,-63.1974933158322 -32.4142454408417,-63.1975374183305 -32.4142318603839,-63.1975788932336 -32.4142132533091,-63.1976169488533 -32.4141899747968,-63.1976508587715 -32.4141624691965,-63.1976799757068 -32.4141312615457,-63.1977037438697 -32.4140969475474,-63.1977217095715 -32.4140601821991,-63.1977372703955 -32.412392516679,-63.1977423079193 -32.4107368346856,-63.1977423079193 -32.4107368346856)))";"43"
"MULTIPOLYGON (((-63.1897721777338 -32.4271074929263,-63.190140737325 -32.4271951806297,-63.1937596003242 -32.4281743294692,-63.1940799744485 -32.4280211384731,-63.1961002575806 -32.4274035421395,-63.1941694095345 -32.424806890987,-63.1897721777338 -32.4271074929263,-63.1897721777338 -32.4271074929263)))";"44"
"MULTIPOLYGON (((-63.1852402271683 -32.4192180224559,-63.187143520217 -32.4218245643646,-63.1906002756203 -32.4200065589322,-63.1886721718679 -32.4174130859017,-63.1852402271683 -32.4192180224559,-63.1852402271683 -32.4192180224559)))";"45"
"MULTIPOLYGON (((-63.1906002756203 -32.4200065589322,-63.187143520217 -32.4218245643646,-63.1852402271683 -32.4192180224559,-63.1828903114793 -32.4204538002597,-63.1853980889872 -32.4238553481636,-63.1911715322959 -32.4207749160534,-63.1906002756203 -32.4200065589322,-63.1906002756203 -32.4200065589322)))";"46"
"MULTIPOLYGON (((-63.1682329082829 -32.4227783743438,-63.1700941255569 -32.4252452889345,-63.1711304444403 -32.4265740281659,-63.1749243363165 -32.4245885156606,-63.1682329082829 -32.4227783743438,-63.1682329082829 -32.4227783743438)))";"47"
"MULTIPOLYGON (((-63.2160992770614 -32.4384292738911,-63.2160819087091 -32.4422348107969,-63.2162761240792 -32.4422666870643,-63.216499779753 -32.442255566282,-63.2168371120237 -32.4421297263879,-63.2175413422173 -32.4418887293649,-63.217580704275 -32.4418628093577,-63.2176244919643 -32.4418426293928,-63.2176715521692 -32.4418287208933,-63.2177206455969 -32.4418214501281,-63.2177704794125 -32.4418210085666,-63.2178197412844 -32.441827407837,-63.2178867710432 -32.4418192920492,-63.2179529692793 -32.4418072286004,-63.2180180130769 -32.4417912763364,-63.2180782904948 -32.4417748151433,-63.2181363758514 -32.4417534249086,-63.2181917101662 -32.4417273114805,-63.2182437609344 -32.4416967261605,-63.2182920272517 -32.4416619632848,-63.2184419462906 -32.4415264229942,-63.2186444980131 -32.4415153350064,-63.2187077257398 -32.4414830156196,-63.2192725355638 -32.4411849893961,-63.2193239481572 -32.4411313462691,-63.2193809021084 -32.4410818915591,-63.2194429251242 -32.4410370353639,-63.2195095028793 -32.440997149648,-63.2195800832808 -32.4409625651586,-63.2196442920784 -32.4409400432908,-63.2197049375131 -32.4409112829035,-63.2197611802761 -32.4408766820307,-63.2198122419924 -32.4408367195367,-63.2198574159936 -32.4407919484876,-63.2198960770981 -32.4407429884979,-63.2199037124196 -32.4406994397688,-63.2199185027501 -32.4406572365952,-63.2199401533718 -32.4406172199054,-63.2199682328724 -32.4405801870596,-63.2200021817419 -32.4405468759617,-63.2200413235213 -32.4405179503566,-63.2200848782818 -32.4404939866048,-63.2201319781656 -32.4404754621987,-63.2201816846779 -32.4404627462478,-63.2202330073871 -32.4404560921247,-63.2202710714339 -32.4404541009735,-63.2203082614067 -32.4404469409769,-63.2203436077291 -32.4404347988025,-63.2203761888908 -32.440417991008,-63.2204051554733 -32.4403969557878,-63.2204297522947 -32.4403722415486,-63.2206524671835 -32.4393995982615,-63.2207585591579 -32.4388950354183,-63.2160992770614 -32.4384292738911,-63.2160992770614 -32.4384292738911)))";"48"
"MULTIPOLYGON (((-63.2129453312031 -32.43817193804,-63.2110106639081 -32.4380022162029,-63.2110226917121 -32.4401459260233,-63.2110161602385 -32.440172264529,-63.2110149602822 -32.4401991598586,-63.2110191262215 -32.4402258415756,-63.2110285387245 -32.4402515453619,-63.2110429281669 -32.4402755349121,-63.2110618823554 -32.4402971230262,-63.2110848583343 -32.4403156912948,-63.2111111979394 -32.4403307078139,-63.2111401466513 -32.4403417424225,-63.2111708752095 -32.4403484790244,-63.2113210072599 -32.4403697143658,-63.2114700387021 -32.4403959388227,-63.211617739077 -32.4404271118421,-63.2117638799836 -32.4404631852188,-63.2119082354313 -32.4405041031696,-63.2120505821899 -32.4405498024198,-63.2129299565107 -32.4406079663399,-63.2129453312031 -32.43817193804,-63.2129453312031 -32.43817193804)))";"49"
"MULTIPOLYGON (((-63.2127734917298 -32.4406666403068,-63.2120507637272 -32.4406273438006,-63.2110302258467 -32.4403606442423,-63.2109829365157 -32.4442163337778,-63.2117134013188 -32.4437498581408,-63.2122192570543 -32.4434925228924,-63.2123809154984 -32.44343856772,-63.2129716393862 -32.4433779228098,-63.2130909523004 -32.4432643908989,-63.2128084677083 -32.4427876890957,-63.2136375424741 -32.4423866477703,-63.2127772906585 -32.4414933924243,-63.2127618373379 -32.4414772303318,-63.2127498885206 -32.4414590570579,-63.2127417995862 -32.4414394131122,-63.212737811113 -32.4414188827445,-63.2127380417233 -32.4413980765683,-63.2127424845554 -32.4413776133996,-63.2127510074682 -32.4413581018523,-63.2127633569715 -32.4413401222371,-63.2127791657656 -32.4413242093015,-63.2127979636658 -32.4413108363259,-63.2127734917298 -32.4406666403068,-63.2127734917298 -32.4406666403068)))";"50"
"MULTIPOLYGON (((-63.2083786843803 -32.4351217804824,-63.2083808385233 -32.4360023508861,-63.2074959870825 -32.4364404119762,-63.2074984878924 -32.4373869658516,-63.2108501687897 -32.4376939603669,-63.2108736706965 -32.4338101928424,-63.2083786843803 -32.4351217804824,-63.2083786843803 -32.4351217804824)))";"51"
"MULTIPOLYGON (((-63.194881676377 -32.4365796550637,-63.2006368116158 -32.4335037005963,-63.197922398419 -32.429853835927,-63.1978684875744 -32.4298398471753,-63.1920847257031 -32.4328272901882,-63.194881676377 -32.4365796550637,-63.194881676377 -32.4365796550637)))";"52"
"MULTIPOLYGON (((-63.2038616367156 -32.4333564016655,-63.2013364224023 -32.4333246256453,-63.2013963528996 -32.4307551975361,-63.197922398419 -32.429853835927,-63.2033348381336 -32.4371311783885,-63.2038458244437 -32.4368507167781,-63.2038616367156 -32.4333564016655,-63.2038616367156 -32.4333564016655)))";"53"
"MULTIPOLYGON (((-63.1920847257031 -32.4328272901882,-63.1978684875744 -32.4298398471753,-63.193724923872 -32.4287645957481,-63.1903994448773 -32.430566150099,-63.1920847257031 -32.4328272901882,-63.1920847257031 -32.4328272901882)))";"54"
"MULTIPOLYGON (((-63.194881676377 -32.4365796550637,-63.1976277145764 -32.4402633496931,-63.2033348381336 -32.4371311783885,-63.2006368116158 -32.4335037005963,-63.194881676377 -32.4365796550637,-63.194881676377 -32.4365796550637)))";"55"
"MULTIPOLYGON (((-63.1880606768174 -32.438442038619,-63.1916839404242 -32.4434237071091,-63.1974902092361 -32.4403360157954,-63.1938065547632 -32.4353752261966,-63.1880606768174 -32.438442038619,-63.1880606768174 -32.438442038619)))";"56"
"MULTIPOLYGON (((-63.1906347616546 -32.4434596118972,-63.1909152500448 -32.4438324498598,-63.1916839404242 -32.4434237071091,-63.191400393929 -32.4430338794035,-63.1906347616546 -32.4434596118972,-63.1906347616546 -32.4434596118972)))";"57"
"MULTIPOLYGON (((-63.1899499110661 -32.442549261577,-63.1906347616546 -32.4434596118972,-63.191400393929 -32.4430338794035,-63.1907346688799 -32.4421186060021,-63.1899499110661 -32.442549261577,-63.1899499110661 -32.442549261577)))";"58"
"MULTIPOLYGON (((-63.189045963002 -32.4413476378222,-63.1899499110661 -32.442549261577,-63.1907346688799 -32.4421186060021,-63.1898572299246 -32.4409122233388,-63.189045963002 -32.4413476378222,-63.189045963002 -32.4413476378222)))";"59"
"MULTIPOLYGON (((-63.189045963002 -32.4413476378222,-63.1898572299246 -32.4409122233388,-63.1880606768174 -32.438442038619,-63.1879914409372 -32.4384789898012,-63.1872041379893 -32.4388991685022,-63.189045963002 -32.4413476378222,-63.189045963002 -32.4413476378222)))";"60"
"MULTIPOLYGON (((-63.1894396785423 -32.4377060513161,-63.1864434367786 -32.4336343481416,-63.1860113798976 -32.4338638283106,-63.1860580917642 -32.4339244937071,-63.1850300357421 -32.4344726466048,-63.1879914409372 -32.4384789898012,-63.1894396785423 -32.4377060513161,-63.1894396785423 -32.4377060513161)))";"61"
"MULTIPOLYGON (((-63.1896821197165 -32.432524887689,-63.1923503195054 -32.4361525235961,-63.1938065547632 -32.4353752261966,-63.1911348142664 -32.4317565203993,-63.1896821197165 -32.432524887689,-63.1896821197165 -32.432524887689)))";"62"
"MULTIPOLYGON (((-63.1874903321417 -32.4322060727669,-63.1909104310609 -32.43692106583,-63.1923503195054 -32.4361525235961,-63.1896821197165 -32.432524887689,-63.1888957012432 -32.4314556205482,-63.1874903321417 -32.4322060727669,-63.1874903321417 -32.4322060727669)))";"63"
"MULTIPOLYGON (((-63.1886203030899 -32.4349620092311,-63.1902799606572 -32.4372575708904,-63.1909104310609 -32.43692106583,-63.1892522493436 -32.4346351484769,-63.1886203030899 -32.4349620092311,-63.1886203030899 -32.4349620092311)))";"64"
"MULTIPOLYGON (((-63.1902799606572 -32.4372575708904,-63.1886203030899 -32.4349620092311,-63.1877511761496 -32.4354115376096,-63.1894396785423 -32.4377060513161,-63.1902799606572 -32.4372575708904,-63.1902799606572 -32.4372575708904)))";"65"
"MULTIPOLYGON (((-63.1884501096417 -32.4350500372252,-63.1866520249052 -32.4326537065557,-63.1859835019751 -32.4330106728604,-63.1864434367786 -32.4336343481416,-63.1877511761496 -32.4354115376096,-63.1884501096417 -32.4350500372252,-63.1884501096417 -32.4350500372252)))";"66"
"MULTIPOLYGON (((-63.1869382117364 -32.4330351217307,-63.1884501096417 -32.4350500372252,-63.1891761022394 -32.4346745342396,-63.187692628663 -32.4326223571459,-63.1869382117364 -32.4330351217307,-63.1869382117364 -32.4330351217307)))";"67"
"MULTIPOLYGON (((-63.1872494856552 -32.4328648152495,-63.1869693437234 -32.4324842679163,-63.1866520249052 -32.4326537065557,-63.1869382117364 -32.4330351217307,-63.1872494856552 -32.4328648152495,-63.1872494856552 -32.4328648152495)))";"68"
"MULTIPOLYGON (((-63.1869693437234 -32.4324842679163,-63.1872494856552 -32.4328648152495,-63.187692628663 -32.4326223571459,-63.1874191796426 -32.4322440666996,-63.1869693437234 -32.4324842679163,-63.1869693437234 -32.4324842679163)))";"69"
"MULTIPOLYGON (((-63.207543933304 -32.44273214734,-63.2074883892415 -32.4376351926755,-63.2054390654275 -32.4374217329167,-63.2052760798908 -32.4374086935957,-63.2051125331627 -32.4374025099693,-63.2049488259726 -32.437403197189,-63.204785359443 -32.4374107535712,-63.204622534107 -32.4374251606008,-63.2044607489269 -32.4374463829774,-63.2043004003173 -32.4374743687008,-63.2041418811735 -32.4375090491993,-63.2039855799097 -32.4375503394969,-63.2037168196434 -32.4376579312766,-63.20369249022 -32.4376709176564,-63.207543933304 -32.44273214734,-63.207543933304 -32.44273214734)))";"70"
"MULTIPOLYGON (((-63.207543933304 -32.44273214734,-63.2097520006114 -32.4456334849068,-63.2098244903342 -32.4456174686182,-63.2098945542007 -32.4455949926735,-63.2099613941472 -32.4455663130858,-63.2100242488344 -32.445531756531,-63.2100824023194 -32.4454917166263,-63.2101351922112 -32.4454466494466,-63.2101820172151 -32.4453970683292,-63.2102223439824 -32.4453435380267,-63.2102550965908 -32.445231783097,-63.2102946760038 -32.4451216281659,-63.2103409745345 -32.4450133728723,-63.21039386622 -32.4449073116867,-63.2104532071647 -32.4448037331103,-63.2105188359316 -32.4447029188904,-63.2105905739821 -32.4446051432538,-63.210668226161 -32.4445106721612,-63.2107515812283 -32.4444197625838,-63.2108404124335 -32.4443326618043,-63.2109344781326 -32.4442496067443,-63.2109269444747 -32.4410559792496,-63.2109197190107 -32.4379925266884,-63.2074883892415 -32.4376351926755,-63.207543933304 -32.44273214734,-63.207543933304 -32.44273214734)))";"71"
"MULTIPOLYGON (((-63.1901464871734 -32.4449000940656,-63.1684597941572 -32.4564683200949,-63.1784151829995 -32.4697690514175,-63.1790743623919 -32.4700687375309,-63.1792104495454 -32.4705695805283,-63.1800960966065 -32.4711849357688,-63.1801916775823 -32.4712374000151,-63.1802914874896 -32.4712838620617,-63.1803950027473 -32.4713240781761,-63.1805016803339 -32.4713578373907,-63.1806109606372 -32.4713849626098,-63.1807222703896 -32.4714053115381,-63.1808350256758 -32.4714187774282,-63.1809486349968 -32.4714252896397,-63.1810625023727 -32.4714248140106,-63.1811760304694 -32.471417353036,-63.1812886237335 -32.4714029458554,-63.1813996915157 -32.471381668047,-63.1814678893859 -32.4713660562446,-63.1815338836297 -32.4713446968025,-63.1815970020543 -32.4713178072805,-63.1816566017606 -32.4712856615658,-63.1817120756918 -32.4712485870829,-63.1817628588166 -32.4712069614586,-63.1820319281543 -32.4710807734816,-63.1823135694877 -32.4709761410942,-63.1826053861669 -32.4708939546598,-63.1827010914476 -32.4708599321402,-63.1827933043878 -32.4708195695925,-63.1828814416586 -32.470773122348,-63.1829649457161 -32.4707208842289,-63.1830432883284 -32.4706631856895,-63.1831159739173 -32.4706003917257,-63.1831825426934 -32.4705328995657,-63.1832425735641 -32.4704611361571,-63.1832956867979 -32.4703855554662,-63.1833415464259 -32.4703066356053,-63.1833798623668 -32.470224875809,-63.1834103922613 -32.470140793275,-63.1834329430052 -32.4700549198933,-63.1834473719704 -32.4699677988805,-63.1834535879058 -32.4698799813443,-63.1834515515151 -32.4697920227965,-63.1834412757038 -32.4697044796396,-63.1834228254976 -32.4696179056466,-63.1833963176302 -32.4695328484585,-63.1828038937028 -32.468846574032,-63.1819748953702 -32.4680747468709,-63.1817377085808 -32.4676885753695,-63.1814077581489 -32.4673569353755,-63.1809845978055 -32.4668565075102,-63.18020562155 -32.4657481859221,-63.1805008700162 -32.4656189249037,-63.1808535877329 -32.4646736060459,-63.1809757699628 -32.4642016205557,-63.1810128212311 -32.4641125557502,-63.1810576674114 -32.4640261050933,-63.181110054545 -32.4639427581025,-63.1811696859757 -32.4638629867202,-63.1812362240301 -32.4637872426408,-63.1813092919296 -32.463715954754,-63.1813884759244 -32.4636495267155,-63.1814733276364 -32.4635883346624,-63.181563366598 -32.463532725083,-63.1826868006701 -32.4624049593248,-63.1828267242444 -32.4623362013984,-63.1829705369896 -32.4622734758951,-63.1831178773658 -32.462216940501,-63.1832683749672 -32.4621667373407,-63.183421651453 -32.4621229926201,-63.1835773214983 -32.4620858163086,-63.1837349937628 -32.4620553018636,-63.1838942718741 -32.462031525995,-63.1840547554238 -32.4620145484725,-63.1842160409742 -32.4620044119756,-63.1843777230721 -32.4620011419861,-63.1845393952674 -32.4620047467244,-63.1847006511351 -32.4620152171284,-63.1848610852966 -32.4620325268765,-63.1850202944383 -32.4620566324539,-63.1851778783254 -32.4620874732616,-63.1853334408077 -32.4621249717691,-63.1854865908153 -32.4621690337089,-63.1856369433414 -32.4622195483137,-63.1857841204101 -32.4622763885947,-63.1859277520262 -32.4623394116606,-63.1860674771054 -32.4624084590768,-63.1862029443815 -32.4624833572639,-63.1865801597267 -32.4627416472439,-63.1874691704863 -32.4635699402057,-63.1913198188301 -32.4672211792228,-63.1914122895455 -32.4672754916325,-63.1915092855984 -32.4673237995429,-63.1916102655321 -32.4673658332838,-63.1917146656479 -32.4674013582089,-63.1918219031524 -32.467430176006,-63.1919313794109 -32.4674521258047,-63.1920424832898 -32.4674670850733,-63.1921545945685 -32.4674749703042,-63.1922670874019 -32.4674757374792,-63.1923793338147 -32.4674693823159,-63.1924907072075 -32.4674559402912,-63.1926005858549 -32.4674354864432,-63.1927083563769 -32.4674081349525,-63.1928134171632 -32.4673740385048,-63.1929151817319 -32.4673333874379,-63.1930130820039 -32.4672864086797,-63.1931065714745 -32.4672333644811,-63.193195128264 -32.4671745509513,-63.1932782580313 -32.4671102964056,-63.1933554967336 -32.4670409595317,-63.1934264132165 -32.4669669273876,-63.1934906116213 -32.4668886132405,-63.1935477335939 -32.46680645426,-63.1935974602854 -32.4667209090773,-63.1936395141315 -32.4666324552245,-63.1936736604018 -32.4665415864697,-63.1936997085093 -32.4664488100597,-63.1937175130739 -32.4663546438886,-63.1937269747337 -32.4662596136068,-63.1937280406986 -32.4661642496869,-63.1937207050448 -32.4660690844619,-63.193705008747 -32.4659746491542,-63.1936810394495 -32.4658814709102,-63.1915767712006 -32.4631253860357,-63.1915115581797 -32.4630344613343,-63.1914537118768 -32.4629400215863,-63.1914034946337 -32.4628424951281,-63.1913611341879 -32.4627423242953,-63.19132682264 -32.462639963415,-63.191300715583 -32.4625358767464,-63.1912829313969 -32.4624305363741,-63.1912735507125 -32.4623244200674,-63.1912726160458 -32.4622180091131,-63.1912801316063 -32.4621117861327,-63.1912960632781 -32.4620062328934,-63.1913203387749 -32.4619018281235,-63.1913528479691 -32.4617990453404,-63.1913934433911 -32.461698350704,-63.1914419408988 -32.4616002009018,-63.1914981205135 -32.4615050410783,-63.1915617274176 -32.461413302816,-63.1916324731108 -32.4613254021779,-63.1917100367187 -32.4612417378213,-63.1917940664486 -32.4611626891892,-63.1918841811849 -32.4610886147903,-63.1919799722178 -32.4610198505725,-63.1920810050971 -32.4609567084001,-63.192186821602 -32.4608994746391,-63.1937816045951 -32.4602735187235,-63.1950865544253 -32.4598897609842,-63.1991182269061 -32.4607041966493,-63.2001728539125 -32.4591182925198,-63.2001903010769 -32.456827808253,-63.2001614821228 -32.4567559757788,-63.2001404153372 -32.4566822336853,-63.2001272721289 -32.4566071820376,-63.2001221594285 -32.4565314315558,-63.2001251188197 -32.4564555986448,-63.2001361262008 -32.456380300379,-63.2001550919818 -32.4563061494806,-63.2001818618142 -32.4562337493339,-63.2002162178473 -32.4561636890755,-63.2002578805014 -32.4560965388005,-63.2003065107439 -32.4560328449236,-63.2003617128477 -32.4559731257331,-63.2004230376121 -32.4559178671732,-63.2004899860179 -32.4558675188909,-63.2005620132887 -32.4558224905767,-63.2006385333231 -32.455783148631,-63.2007189234643 -32.4557498131834,-63.2008025295663 -32.4557227554875,-63.2017186810683 -32.4557183149228,-63.2028448887803 -32.4559837258105,-63.204547780481 -32.4576020548478,-63.2046675733279 -32.457694106842,-63.2047923781506 -32.4577812410351,-63.2049219143737 -32.4578632615303,-63.2050558907827 -32.4579399839271,-63.2051940061776 -32.4580112357356,-63.2053359500512 -32.4580768567649,-63.2054814032867 -32.4581366994832,-63.2056300388751 -32.4581906293491,-63.2057815226513 -32.4582385251151,-63.2059355140447 -32.4582802790992,-63.2060916668454 -32.4583157974277,-63.2062496299829 -32.4583450002464,-63.2073078202031 -32.4583814367977,-63.2073822007237 -32.4583784154979,-63.2074557433572 -32.4583685049069,-63.207527563086 -32.4583518242897,-63.207596795627 -32.458328574382,-63.2076626078333 -32.458299034975,-63.2077242077205 -32.4582635615476,-63.2077808539982 -32.4582225809886,-63.2078318649905 -32.4581765864592,-63.2078766268395 -32.4581261314584,-63.2079146008921 -32.458071823161,-63.2079453301823 -32.4580143151119,-63.2079684449293 -32.4579542993599,-63.2079836669874 -32.4578924981303,-63.2079908131921 -32.4578296551331,-63.2079897975636 -32.4577665266133,-63.2079806323409 -32.4577038722503,-63.2079634278335 -32.4576424460162,-63.207938391093 -32.4575829871021,-63.2079058234212 -32.4575262110239,-63.2078661167433 -32.457472801011,-63.2078197488911 -32.4574233997857,-63.2077672778525 -32.4573786018282,-63.2077093350565 -32.4573389462239,-63.207646617775 -32.4573049101757,-63.2075798807316 -32.4572769032622,-63.20750992702 -32.457255262509,-63.2074375984404 -32.4572402483334,-63.2073637653695 -32.4572320414106,-63.2063375927421 -32.4574286736612,-63.2062249369497 -32.4574315513999,-63.2061123223637 -32.4574276843642,-63.206000310057 -32.4574170918206,-63.2058894581015 -32.4573998265436,-63.2057803187875 -32.4573759745526,-63.2056734358709 -32.4573456546839,-63.2055693418648 -32.4573090179976,-63.2054685553852 -32.457266247026,-63.2053715785674 -32.4572175548631,-63.205278894564 -32.4571631841033,-63.205187383919 -32.4570260530058,-63.2051032918966 -32.4568855490072,-63.2050267910106 -32.4567419604081,-63.2049580381965 -32.456595581837,-63.2048971744894 -32.4564467136459,-63.2048443247348 -32.4562956612933,-63.204799597333 -32.4561427347183,-63.2047630840167 -32.4559882477037,-63.2047348596636 -32.4558325172328,-63.2047149821422 -32.4556758628384,-63.2047034921945 -32.4555186059478,-63.204700413352 -32.4553610692224,-63.2047057518878 -32.4552035758964,-63.2047194968045 -32.4550464491132,-63.204741619857 -32.4548900112625,-63.2047720756105 -32.4547345833189,-63.2048108015343 -32.454580484183,-63.2048577181306 -32.4544280300277,-63.2049127290976 -32.454277533649,-63.2049757215277 -32.4541293038248,-63.2050465661392 -32.453983644681,-63.204917579401 -32.4521577683916,-63.2046543309643 -32.4497660217098,-63.2041563843291 -32.4485643386836,-63.2040684170425 -32.4484756727915,-63.2039744122776 -32.4483915792417,-63.2038746999462 -32.4483123531478,-63.2037696299865 -32.4482382725409,-63.2036595711361 -32.4481695973945,-63.2035449096373 -32.4481065687116,-63.2034260478823 -32.44804940768,-63.2033034030005 -32.4479983148952,-63.2031774053953 -32.4479534696574,-63.2030484972338 -32.4479150293417,-63.2029171308951 -32.4478831288467,-63.2027837673835 -32.4478578801204,-63.2026488747101 -32.4478393717678,-63.2023763990895 -32.4478228121066,-63.2022478423079 -32.4477979078224,-63.2021211758187 -32.447766809769,-63.2019968143097 -32.4477296197573,-63.2018751649214 -32.4476864595424,-63.2017566259134 -32.4476374704247,-63.2016415853606 -32.4475828127876,-63.2015304198823 -32.447522665572,-63.2014234934097 -32.4474572256907,-63.2013211559936 -32.4473867073832,-63.2012237426588 -32.4473113415145,-63.201131572307 -32.4472313748193,-63.201044946673 -32.4471470690938,-63.200964149337 -32.4470587003386,-63.2008894447957 -32.4469665578553,-63.2008210775976 -32.4468709432988,-63.2005650609402 -32.4460987152049,-63.2012814862961 -32.4446350576195,-63.2018020950856 -32.4439443606012,-63.2026445350815 -32.4432450761972,-63.2028722234078 -32.4430657291132,-63.2030620631222 -32.4430296347236,-63.2033360838249 -32.4428920035202,-63.2038430730563 -32.4431297737765,-63.2042693365475 -32.4434086004368,-63.2043298333575 -32.4434539720009,-63.20438548837 -32.4435036002886,-63.2044358865392 -32.4435571152056,-63.2044806520193 -32.4436141176728,-63.2045194509676 -32.4436741826028,-63.204551994034 -32.4437368620693,-63.2045780385193 -32.4438016886477,-63.2045973901854 -32.4438681789004,-63.2049080932121 -32.4443985359145,-63.2049871687935 -32.444526006558,-63.2050151222443 -32.4445940417629,-63.2050356941842 -32.4446639441409,-63.205048715505 -32.4447351391292,-63.2050540791598 -32.444807041539,-63.2050517410435 -32.4448790603657,-63.2051033319199 -32.4449504195742,-63.2051612878938 -32.4450181748357,-63.2052252605481 -32.4450819188062,-63.2052948652912 -32.4451412682567,-63.2053696836686 -32.4451958663775,-63.2054492658791 -32.4452453849232,-63.2055331334787 -32.4452895261867,-63.205620782257 -32.4453280247885,-63.2057116852693 -32.4453606492733,-63.2058052960038 -32.4453872035005,-63.2059010516685 -32.4454075278246,-63.2059802868991 -32.4454100232956,-63.2060587647259 -32.4454196210689,-63.2061356022723 -32.4454362131694,-63.2062099351138 -32.4454596129357,-63.2062809270021 -32.4454895571197,-63.2063477792725 -32.4455257088483,-63.2064097398289 -32.4455676614128,-63.2064661116042 -32.4456149428443,-63.2065162604026 -32.4456670212231,-63.2065596220344 -32.4457233106625,-63.2065957086633 -32.4457831778998,-63.2071030936558 -32.4461831751617,-63.2072766281076 -32.4461992696266,-63.2074508557473 -32.4462085275525,-63.2076254021795 -32.4462109290457,-63.2077998923235 -32.4462064689455,-63.2079739512197 -32.4461951568365,-63.2081472048353 -32.4461770170272,-63.2083192808689 -32.446152088498,-63.2084898095501 -32.4461204248177,-63.2086584244345 -32.4460820940277,-63.208824763192 -32.4460371784963,-63.2097520006114 -32.4456334849068,-63.2037619414065 -32.437762190445,-63.1906647923639 -32.4447871785074,-63.1901464871734 -32.4449000940656,-63.1901464871734 -32.4449000940656)))";"72"
"MULTIPOLYGON (((-63.2074959870825 -32.4364404119762,-63.2083808385233 -32.4360023508861,-63.2083786843803 -32.4351217804824,-63.2074937323672 -32.435586969285,-63.2074959870825 -32.4364404119762,-63.2074959870825 -32.4364404119762)))";"73"
"MULTIPOLYGON (((-63.2062199490282 -32.4372764942898,-63.2056848037687 -32.4365264635957,-63.2044443062989 -32.4371705958458,-63.2045345951381 -32.4372849724599,-63.2046129035713 -32.4372585655339,-63.2046935634759 -32.4372378653918,-63.2047759977193 -32.4372230201455,-63.2048596164744 -32.4372141360144,-63.2049438214396 -32.4372112765655,-63.2050280101193 -32.4372144622584,-63.2062199490282 -32.4372764942898,-63.2062199490282 -32.4372764942898)))";"74"
"MULTIPOLYGON (((-63.2056848037687 -32.4365264635957,-63.2062199490282 -32.4372764942898,-63.2063881966042 -32.4372852494765,-63.2074984878924 -32.4373869658516,-63.2074937323672 -32.435586969285,-63.2074679888918 -32.4356005015789,-63.2056848037687 -32.4365264635957,-63.2056848037687 -32.4365264635957)))";"75"
"MULTIPOLYGON (((-63.213003498094 -32.4382063077813,-63.2129184248845 -32.4415125908396,-63.2140013809354 -32.4425864969697,-63.2149220886815 -32.4422687978728,-63.2148894612155 -32.4420804960688,-63.2144194602569 -32.4414731779205,-63.2144417956189 -32.4396965487445,-63.2143602980994 -32.4396905997888,-63.2143930949329 -32.4383316952505,-63.213003498094 -32.4382063077813,-63.213003498094 -32.4382063077813)))";"76"
"MULTIPOLYGON (((-63.2187717185543 -32.4296160215793,-63.2195644500177 -32.4307381707397,-63.2201319715796 -32.4304270131514,-63.2216674836037 -32.4325143697673,-63.2220097354607 -32.4321177075713,-63.2210761665573 -32.4308996451723,-63.21975323951 -32.4290947339309,-63.2187717185543 -32.4296160215793,-63.2187717185543 -32.4296160215793)))";"77"
"MULTIPOLYGON (((-63.2185366283161 -32.4379863937714,-63.2207352204714 -32.4381791617268,-63.2196704021976 -32.4361946969309,-63.218520303723 -32.4367900704719,-63.2185366283161 -32.4379863937714,-63.2185366283161 -32.4379863937714)))";"78"
"MULTIPOLYGON (((-63.2127241813409 -32.4354514415653,-63.2113325421037 -32.4335665384304,-63.2109720497102 -32.4337579551893,-63.2109792676524 -32.435301786995,-63.2127241813409 -32.4354514415653,-63.2127241813409 -32.4354514415653)))";"79"
"MULTIPOLYGON (((-63.2135278073775 -32.4355203571942,-63.211873277831 -32.4332794113589,-63.2113325421037 -32.4335665384304,-63.2127241813409 -32.4354514415653,-63.2135278073775 -32.4355203571942,-63.2135278073775 -32.4355203571942)))";"80"
"MULTIPOLYGON (((-63.2143314346119 -32.435589267691,-63.2124140101227 -32.4329922819673,-63.211873277831 -32.4332794113589,-63.2135278073775 -32.4355203571942,-63.2143314346119 -32.435589267691,-63.2143314346119 -32.435589267691)))";"81"
"MULTIPOLYGON (((-63.2151010512831 -32.4356552568973,-63.2129547389787 -32.4327051502559,-63.2124140101227 -32.4329922819673,-63.2143314346119 -32.435589267691,-63.2151010512831 -32.4356552568973,-63.2151010512831 -32.4356552568973)))";"82"
"MULTIPOLYGON (((-63.2129547389787 -32.4327051502559,-63.2151010512831 -32.4356552568973,-63.2158910876084 -32.4357229919509,-63.2134646954079 -32.4324343551731,-63.2129547389787 -32.4327051502559,-63.2129547389787 -32.4327051502559)))";"83"
"MULTIPOLYGON (((-63.2133052114963 -32.4379517835958,-63.2137077636184 -32.4355357887764,-63.2109792676524 -32.435301786995,-63.2109906265293 -32.4377311420366,-63.2133052114963 -32.4379517835958,-63.2133052114963 -32.4379517835958)))";"84"
"MULTIPOLYGON (((-63.2149152319326 -32.4381023410335,-63.2165336249952 -32.4382170297874,-63.2176079998381 -32.4379049617894,-63.2158910876084 -32.4357229919509,-63.2151427529688 -32.435658832386,-63.2149152319326 -32.4381023410335,-63.2149152319326 -32.4381023410335)))";"85"
"MULTIPOLYGON (((-63.2160079934768 -32.4358715680677,-63.2167522051212 -32.4354766531641,-63.2142297266014 -32.432028104367,-63.2134646954079 -32.4324343551731,-63.2158910876084 -32.4357229919509,-63.2160079934768 -32.4358715680677,-63.2160079934768 -32.4358715680677)))";"86"
"MULTIPOLYGON (((-63.2142297266014 -32.432028104367,-63.2167522051212 -32.4354766531641,-63.2160079934768 -32.4358715680677,-63.2176079998381 -32.4379049617894,-63.2185366283161 -32.4379863937714,-63.218520303723 -32.4367900704719,-63.2196704021976 -32.4361946969309,-63.2195456637673 -32.4358036269198,-63.2195168354747 -32.4357350648001,-63.2194954318222 -32.4356645737713,-63.2194816279722 -32.4355927307725,-63.2194755368849 -32.4355201238066,-63.2194772083945 -32.435447347128,-63.2194866288018 -32.4353749963788,-63.2195037209872 -32.4353036637134,-63.219528345042 -32.4352339329525,-63.2195602994146 -32.4351663748047,-63.2202840387761 -32.4340081413021,-63.2216674836037 -32.4325143697673,-63.2201319715796 -32.4304270131514,-63.2195644500177 -32.4307381707397,-63.2187717185543 -32.4296160215793,-63.2142297266014 -32.432028104367,-63.2142297266014 -32.432028104367)))";"87"
"MULTIPOLYGON (((-63.2149152319326 -32.4381023410335,-63.2151427529688 -32.435658832386,-63.2137077636184 -32.4355357887764,-63.2133052114963 -32.4379517835958,-63.2147967535969 -32.4380939441402,-63.2149152319326 -32.4381023410335,-63.2149152319326 -32.4381023410335)))";"88"
"MULTIPOLYGON (((-63.1712379500615 -32.4267216634213,-63.1783980714648 -32.4365532085942,-63.1888190715406 -32.4308280170748,-63.1894215829416 -32.4299331941095,-63.1874788890801 -32.4283384762817,-63.1872617629688 -32.428197043276,-63.1870398243425 -32.4280610899714,-63.1868132654045 -32.4279307340939,-63.1865822823566 -32.4278060885218,-63.1863470752288 -32.4276872611887,-63.1861078477064 -32.4275743549892,-63.1858648069537 -32.4274674676907,-63.1856181634347 -32.4273666918481,-63.1853681307308 -32.4272721147244,-63.1851149253561 -32.4271838182144,-63.1848587665699 -32.4271018787745,-63.1845998761869 -32.4270263673565,-63.1801079324367 -32.4259353527478,-63.1751093198331 -32.4246253794164,-63.1712379500615 -32.4267216634213,-63.1712379500615 -32.4267216634213)))";"89"
"MULTIPOLYGON (((-63.1651139062858 -32.4300372923793,-63.1725134665536 -32.4396769116321,-63.1783980714648 -32.4365532085942,-63.1712379500615 -32.4267216634213,-63.1651139062858 -32.4300372923793,-63.1651139062858 -32.4300372923793)))";"90"
"MULTIPOLYGON (((-63.1637335858583 -32.4168938031137,-63.1597009676421 -32.4190462973702,-63.1596027685363 -32.4191895763493,-63.1667508544008 -32.4209936095936,-63.1637335858583 -32.4168938031137,-63.1637335858583 -32.4168938031137)))";"91"
"MULTIPOLYGON (((-63.1875004832651 -32.4158980834808,-63.181259076129 -32.4074697071637,-63.1755701148485 -32.4104973716778,-63.1773861856749 -32.4129189140637,-63.1792109108567 -32.4154005417553,-63.1817494002348 -32.4188851045163,-63.182792860673 -32.4202197034243,-63.1867105700967 -32.4181482399124,-63.1884800157254 -32.4171943456843,-63.1875330195457 -32.4159567545216,-63.1875050472747 -32.4159090885461,-63.1875004832651 -32.4158980834808,-63.1875004832651 -32.4158980834808)))";"92"
"MULTIPOLYGON (((-63.1869340819943 -32.4151332951802,-63.1870127163227 -32.4043500701655,-63.181259076129 -32.4074697071637,-63.1869340819943 -32.4151332951802,-63.1869340819943 -32.4151332951802)))";"93"
"MULTIPOLYGON (((-63.1925070020043 -32.4109460763242,-63.1924381955334 -32.4028626914685,-63.1904622918508 -32.4023979987968,-63.1900467860965 -32.4026613150004,-63.1896265995638 -32.4029192313629,-63.189201829734 -32.4031716880248,-63.1887725751548 -32.4034186263934,-63.1883389354169 -32.4036599891561,-63.1879010111314 -32.403895720294,-63.1874589039063 -32.4041257650948,-63.1870127163227 -32.4043500701655,-63.1869340819943 -32.4151332951802,-63.1875004832651 -32.4158980834808,-63.1874842169027 -32.4158588608452,-63.1874708462843 -32.4158068378819,-63.1874651394387 -32.4157538135132,-63.1874671834374 -32.4157005968757,-63.1874769470759 -32.4156480000388,-63.1874942813511 -32.4155968256124,-63.187518921736 -32.4155478544996,-63.1875504922161 -32.4155018339806,-63.187588511029 -32.4154594663096,-63.1876323980155 -32.4154213979988,-63.1876814834732 -32.4153882099533,-63.1906391684779 -32.4134034651843,-63.1906808909831 -32.4133725840539,-63.1907267490088 -32.4133462585527,-63.190776055373 -32.4133248831662,-63.190828071222 -32.4133087782027,-63.1908820171027 -32.4132981849934,-63.1909370846411 -32.4132932622763,-63.1910946062765 -32.4132977953147,-63.192084759937 -32.4133344644232,-63.1921262326954 -32.4133347308714,-63.1921671487142 -32.4133289797289,-63.1922063035137 -32.4133173802971,-63.192242544462 -32.4133002740382,-63.1922748047059 -32.4132781645234,-63.1923021345776 -32.4132517026085,-63.1923237295508 -32.4132216672737,-63.1923389539236 -32.4131889426921,-63.1923473595323 -32.4131544922011,-63.1923486989428 -32.4131193299439,-63.1923421119083 -32.4126660171409,-63.1923388222775 -32.4111151805604,-63.1923533805754 -32.4110787152036,-63.1923742488139 -32.4110445264906,-63.1924009506487 -32.4110133948111,-63.1924328765802 -32.4109860307745,-63.1924692978657 -32.4109630589898,-63.1925070020043 -32.4109460763242,-63.1925070020043 -32.4109460763242)))";"94"
"MULTIPOLYGON (((-63.2039592063068 -32.4067201118498,-63.2039558470281 -32.4060888874107,-63.2015712603843 -32.4053857782738,-63.2007424960603 -32.4051528906866,-63.2007542933198 -32.4067917046846,-63.2039592063068 -32.4067201118498,-63.2039592063068 -32.4067201118498)))";"95"
"MULTIPOLYGON (((-63.1964784734585 -32.4106543800048,-63.1969594594778 -32.4106060478167,-63.1999441873578 -32.4103341255097,-63.202101609467 -32.4101445829964,-63.2034627399838 -32.4100660436011,-63.203513788303 -32.4100702568136,-63.2035650250606 -32.4100682866811,-63.2036154146905 -32.4100601730226,-63.2036639387488 -32.4100460798265,-63.2037096164982 -32.4100262919358,-63.2037515247313 -32.4100012092907,-63.2037888164292 -32.4099713388455,-63.2038207378819 -32.4099372843217,-63.2038466439212 -32.409899734006,-63.2038660109606 -32.4098594468386,-63.2038784475764 -32.4098172370742,-63.2039655886257 -32.4079193427856,-63.2039592063068 -32.4067201118498,-63.2007542933198 -32.4067917046846,-63.2007519989158 -32.4064729844564,-63.1968197189861 -32.406486647177,-63.1968298288891 -32.4085900156109,-63.1964413065553 -32.4085913322274,-63.1964784734585 -32.4106543800048,-63.1964784734585 -32.4106543800048)))";"96"
"MULTIPOLYGON (((-63.2936298772212 -32.4056297426276,-63.2666268306883 -32.388362360608,-63.2654062805848 -32.3897316877359,-63.2628572245354 -32.3926278857801,-63.2596219055107 -32.3963034645409,-63.2609945690616 -32.3983692144098,-63.261417187358 -32.3986403323633,-63.2633835076703 -32.4017369667886,-63.2638493037847 -32.4016766335955,-63.2643162630887 -32.4016231639445,-63.2647842451086 -32.4015765739198,-63.2652531090639 -32.4015368775366,-63.2657227139093 -32.4015040867358,-63.2661929183771 -32.401478211381,-63.2666635810199 -32.4014592592558,-63.2671345602525 -32.4014472360608,-63.2676057143949 -32.4014421454122,-63.2680769017145 -32.4014439888409,-63.268547980469 -32.4014527657917,-63.2690188089484 -32.4014684736238,-63.2694892455181 -32.4014911076113,-63.2699591486609 -32.4015206609447,-63.27042837702 -32.4015571247333,-63.270896789441 -32.4016004880072,-63.2713642450144 -32.4016507377211,-63.2718306031178 -32.4017078587582,-63.2722957234586 -32.4017718339342,-63.2727594661153 -32.4018426440034,-63.2732216915802 -32.4019202676636,-63.2736822608009 -32.402004681563,-63.2741410352222 -32.4020958603069,-63.2745978768276 -32.4021937764655,-63.2750526481806 -32.4022984005823,-63.2755052124666 -32.4024097011825,-63.275955433533 -32.4025276447829,-63.276403175931 -32.4026521959015,-63.2768483049554 -32.4027833170688,-63.277290686686 -32.4029209688382,-63.277730188027 -32.4030651097986,-63.2781666767474 -32.4032156965865,-63.2786000215205 -32.4033726838989,-63.2790300919636 -32.403536024507,-63.2794567586768 -32.4037056692708,-63.2798798932823 -32.403881567153,-63.2802993684625 -32.4040636652351,-63.2807150579987 -32.404251908733,-63.2811268368086 -32.4044462410133,-63.2815345809842 -32.4046466036104,-63.281938167829 -32.4048529362444,-63.2823374758946 -32.4050651768386,-63.2827323850175 -32.4052832615384,-63.2831227763551 -32.4055071247309,-63.2835085324214 -32.4057366990638,-63.2936811088024 -32.4126420680847,-63.2936298772212 -32.4056297426276,-63.2936298772212 -32.4056297426276)))";"97"
"MULTIPOLYGON (((-63.2776793482914 -32.3758826930805,-63.2935166588519 -32.3859882525471,-63.2934760424658 -32.3789384495782,-63.2817026939192 -32.3713421059792,-63.2776793482914 -32.3758826930805,-63.2776793482914 -32.3758826930805)))";"98"
"MULTIPOLYGON (((-63.2746147129572 -32.3793427649154,-63.2935479360904 -32.3914157812588,-63.2935166588519 -32.3859882525471,-63.2776793482914 -32.3758826930805,-63.2746147129572 -32.3793427649154,-63.2746147129572 -32.3793427649154)))";"99"
"MULTIPOLYGON (((-63.2720805532332 -32.382238704723,-63.2935730765486 -32.395777592884,-63.2935479360904 -32.3914157812588,-63.2746147129572 -32.3793427649154,-63.2720805532332 -32.382238704723,-63.2720805532332 -32.382238704723)))";"100"
"MULTIPOLYGON (((-63.2666268306883 -32.388362360608,-63.2936298772212 -32.4056297426276,-63.2935730765486 -32.395777592884,-63.2720805532332 -32.382238704723,-63.2696598239378 -32.3849920905838,-63.2666268306883 -32.388362360608,-63.2666268306883 -32.388362360608)))";"101"
"MULTIPOLYGON (((-63.2522772699683 -32.3796259708829,-63.2563812948901 -32.3821655306707,-63.2591084752232 -32.3791720026969,-63.2650106021332 -32.3829521354941,-63.265080483816 -32.3829945612612,-63.267414522471 -32.3803627080241,-63.2573064401301 -32.3739052184676,-63.2522772699683 -32.3796259708829,-63.2522772699683 -32.3796259708829)))";"102"
"MULTIPOLYGON (((-63.2623298533908 -32.3680825406658,-63.267419720384 -32.3623238046611,-63.2623202977263 -32.3590770786905,-63.2572258126809 -32.3648406734829,-63.2623298533908 -32.3680825406658,-63.2623298533908 -32.3680825406658)))";"103"
"MULTIPOLYGON (((-63.2597588176931 -32.3709910851387,-63.269980545694 -32.3774690437577,-63.2725492402222 -32.3745721299327,-63.2623298533909 -32.3680825406657,-63.2597588176931 -32.3709910851387,-63.2597588176931 -32.3709910851387)))";"104"
"MULTIPOLYGON (((-63.2572273209962 -32.3738546668012,-63.2573064401301 -32.3739052184676,-63.267414522471 -32.3803627080241,-63.269980545694 -32.3774690437577,-63.2597588176931 -32.3709910851387,-63.2572273209962 -32.3738546668012,-63.2572273209962 -32.3738546668012)))";"105"
"MULTIPOLYGON (((-63.2572258126809 -32.3648406734829,-63.2623202977263 -32.3590770786905,-63.2572212388546 -32.355830142983,-63.2521317195569 -32.3616046847526,-63.2572258126809 -32.3648406734829,-63.2572258126809 -32.3648406734829)))";"106"
"MULTIPOLYGON (((-63.2546509606176 -32.3677533499067,-63.2572258126809 -32.3648406734829,-63.2521317195569 -32.3616046847526,-63.2495671102902 -32.3645303941704,-63.2546509606176 -32.3677533499067,-63.2546509606176 -32.3677533499067)))";"107"
"MULTIPOLYGON (((-63.2693059617265 -32.3725127512201,-63.2725492402222 -32.3745721299327,-63.2776187690715 -32.3688160618113,-63.274381592095 -32.3667556113549,-63.2693059617265 -32.3725127512201,-63.2693059617265 -32.3725127512201)))";"108"
"MULTIPOLYGON (((-63.2661581225997 -32.3705138031394,-63.2693059617265 -32.3725127512201,-63.274381592095 -32.3667556113549,-63.2712445261348 -32.364758711451,-63.2661581225997 -32.3705138031394,-63.2661581225997 -32.3705138031394)))";"109"
"MULTIPOLYGON (((-63.2597588176933 -32.3709910851388,-63.2623298533909 -32.3680825406657,-63.2572258126809 -32.3648406734829,-63.2546509606176 -32.3677533499067,-63.2597588176933 -32.3709910851388,-63.2597588176933 -32.3709910851388)))";"110"
"MULTIPOLYGON (((-63.2623298533908 -32.3680825406658,-63.2661581225997 -32.3705138031394,-63.2712445261348 -32.364758711451,-63.267419720384 -32.3623238046611,-63.2623298533908 -32.3680825406658,-63.2623298533908 -32.3680825406658)))";"111"
"MULTIPOLYGON (((-63.2521517781857 -32.370611522272,-63.2572273209962 -32.3738546668012,-63.2597588176931 -32.3709910851387,-63.2546599350234 -32.3677590389313,-63.2521517781857 -32.370611522272,-63.2521517781857 -32.370611522272)))";"112"
"MULTIPOLYGON (((-63.2522772699683 -32.3796259708829,-63.2573064401301 -32.3739052184676,-63.2572273209962 -32.3738546668012,-63.2521517781857 -32.370611522272,-63.2473159847065 -32.3675211631297,-63.2478241861738 -32.3693810690481,-63.2501982120839 -32.3783393494227,-63.2522772699683 -32.3796259708829,-63.2522772699683 -32.3796259708829)))";"113"
"MULTIPOLYGON (((-63.2521517781857 -32.370611522272,-63.2546599350234 -32.3677590389313,-63.2495671102902 -32.3645303941704,-63.2491644515017 -32.3649897259417,-63.2474087907053 -32.3669924212137,-63.2472545521957 -32.3671106021303,-63.2472638693046 -32.3674350694272,-63.2473159847065 -32.3675211631297,-63.2521517781857 -32.370611522272,-63.2521517781857 -32.370611522272)))";"114"
"MULTIPOLYGON (((-63.2519643387793 -32.38628375517,-63.2557589535285 -32.3820361706741,-63.2500858543896 -32.378378343516,-63.2519643387793 -32.38628375517,-63.2519643387793 -32.38628375517)))";"115"
"MULTIPOLYGON (((-63.2539542770047 -32.359350968889,-63.248844297141 -32.3560773482469,-63.2475683669155 -32.3575206164245,-63.2485048063646 -32.3581140650987,-63.2456420408359 -32.3613568031867,-63.2456444513417 -32.3613656415159,-63.2471617175535 -32.3670838928934,-63.2539542770047 -32.359350968889,-63.2539542770047 -32.359350968889)))";"116"
"MULTIPOLYGON (((-63.2407399467675 -32.383189034304,-63.2508270978688 -32.3814979632372,-63.2500858543896 -32.378378343516,-63.2495929233734 -32.3765286869244,-63.2394615276775 -32.3784828926086,-63.2407399467675 -32.383189034304,-63.2407399467675 -32.383189034304)))";"117"
"MULTIPOLYGON (((-63.2484754568788 -32.354992112808,-63.2472858121855 -32.3542343812944,-63.245458904372 -32.351607066998,-63.2446620620844 -32.3518750029396,-63.2433610604556 -32.3529925832384,-63.2456420408359 -32.3613568031867,-63.2485048063646 -32.3581140650987,-63.2475683669155 -32.3575206164245,-63.2483726792935 -32.3566108255166,-63.2475189912903 -32.3560740293411,-63.2484754568788 -32.354992112808,-63.2484754568788 -32.354992112808)))";"118"
"MULTIPOLYGON (((-63.2507100409301 -32.3539668067263,-63.2559014069552 -32.3571339670089,-63.2571108715357 -32.3557568011526,-63.252003185284 -32.3525039196365,-63.2507100409301 -32.3539668067263,-63.2507100409301 -32.3539668067263)))";"119"
"MULTIPOLYGON (((-63.2545768113244 -32.3586421664485,-63.2494467820117 -32.3553958271852,-63.248844297141 -32.3560773482469,-63.2539542770047 -32.359350968889,-63.2545768113244 -32.3586421664485,-63.2545768113244 -32.3586421664485)))";"120"
"MULTIPOLYGON (((-63.2552082133351 -32.3579232530245,-63.2500978746039 -32.35465930712,-63.2494467820117 -32.3553958271852,-63.2545768113244 -32.3586421664485,-63.2552082133351 -32.3579232530245,-63.2552082133351 -32.3579232530245)))";"121"
"MULTIPOLYGON (((-63.2559014069552 -32.3571339670089,-63.2507100409301 -32.3539668067263,-63.2500978746039 -32.35465930712,-63.2552082133351 -32.3579232530245,-63.2559014069552 -32.3571339670089,-63.2559014069552 -32.3571339670089)))";"122"
"MULTIPOLYGON (((-63.2483726792935 -32.3566108255166,-63.252003185284 -32.3525039196365,-63.251153439574 -32.3519627075453,-63.2475189912903 -32.3560740293411,-63.2483726792935 -32.3566108255166,-63.2483726792935 -32.3566108255166)))";"123"
"MULTIPOLYGON (((-63.2472858121855 -32.3542343812944,-63.2484754568788 -32.354992112808,-63.251153439574 -32.3519627075453,-63.2499638125531 -32.3512050008376,-63.2472858121855 -32.3542343812944,-63.2472858121855 -32.3542343812944)))";"124"
"MULTIPOLYGON (((-63.2472858121855 -32.3542343812944,-63.2499638125531 -32.3512050008376,-63.2488203939863 -32.3504767029461,-63.245458904372 -32.351607066998,-63.2472858121855 -32.3542343812944,-63.2472858121855 -32.3542343812944)))";"125"
"MULTIPOLYGON (((-63.2377750054226 -32.3605722931777,-63.2449699936582 -32.3592267678472,-63.2443807013056 -32.357054604083,-63.2432973172687 -32.3530473385588,-63.2385903520081 -32.3570903444019,-63.2387323102548 -32.35762690951,-63.2381456139238 -32.3590046987334,-63.2381677914049 -32.3591202674906,-63.238182408326 -32.3592367000767,-63.2381894199591 -32.3593536404394,-63.2381888048333 -32.3594707309724,-63.2381805648001 -32.3595876136086,-63.2381647250285 -32.3597039309156,-63.2381413339285 -32.3598193271882,-63.238110463003 -32.3599334495366,-63.2380722066299 -32.3600459489654,-63.2380266817734 -32.3601564814408,-63.2379740276271 -32.3602647089432,-63.2379144051881 -32.3603703005004,-63.2378479967655 -32.3604729332001,-63.2377750054226 -32.3605722931777,-63.2377750054226 -32.3605722931777)))";"126"
"MULTIPOLYGON (((-63.235824522514 -32.3650914843076,-63.2460132361266 -32.3630940319211,-63.2456883657545 -32.3618745795457,-63.2449699936582 -32.3592267678472,-63.2377750054226 -32.3605722931777,-63.2361112237682 -32.3630968086702,-63.2356327436967 -32.3642048197332,-63.2356217532144 -32.3643447686132,-63.235824522514 -32.3650914843076,-63.235824522514 -32.3650914843076)))";"127"
"MULTIPOLYGON (((-63.2362410496621 -32.3666253416945,-63.2464334349893 -32.3646712640819,-63.2460132361266 -32.3630940319211,-63.235824522514 -32.3650914843076,-63.2362410496621 -32.3666253416945,-63.2362410496621 -32.3666253416945)))";"128"
"MULTIPOLYGON (((-63.2366656994134 -32.3681890546934,-63.2468574630303 -32.3662628111257,-63.2464334349893 -32.3646712640819,-63.2362410496621 -32.3666253416945,-63.2366656994134 -32.3681890546934,-63.2366656994134 -32.3681890546934)))";"129"
"MULTIPOLYGON (((-63.2383905280452 -32.3745399144414,-63.248507844373 -32.3724567977305,-63.2468574630303 -32.3662628111257,-63.2366656994134 -32.3681890546934,-63.2383905280452 -32.3745399144414,-63.2383905280452 -32.3745399144414)))";"130"
"MULTIPOLYGON (((-63.2394615276775 -32.3784828926086,-63.2495929233734 -32.3765286869244,-63.248507844373 -32.3724567977305,-63.2383905280452 -32.3745399144414,-63.2394615276775 -32.3784828926086,-63.2394615276775 -32.3784828926086)))";"131"
"MULTIPOLYGON (((-63.2407399467675 -32.383189034304,-63.2412599332739 -32.3851030728448,-63.2453795628549 -32.3873569934299,-63.2474688134005 -32.3863269656522,-63.2490829752307 -32.3874046065373,-63.24915685941 -32.3874014712355,-63.2492307236933 -32.3874049276049,-63.2493037535076 -32.3874149375286,-63.2493751434819 -32.3874313906174,-63.2494441063283 -32.3874541054269,-63.2495098815237 -32.3874828314585,-63.2495717436963 -32.3875172519217,-63.2496290106253 -32.3875569872272,-63.2496810507637 -32.3876015991734,-63.2497272902031 -32.3876505957781,-63.249767219003 -32.3877034367044,-63.2498003968147 -32.3877595392189,-63.2498264577375 -32.3878182846181,-63.2503081029877 -32.3881107967674,-63.2519643387793 -32.38628375517,-63.2508270978688 -32.3814979632372,-63.2407399467675 -32.383189034304,-63.2407399467675 -32.383189034304)))";"132"
"MULTIPOLYGON (((-63.2077398145531 -32.3865289803995,-63.2077210632027 -32.3894838481573,-63.2095263450759 -32.3894808605015,-63.2094614723559 -32.3904192753475,-63.2112039308887 -32.3904433927967,-63.2112392360512 -32.3838398936321,-63.2082893097361 -32.383982020008,-63.2077433127358 -32.3845657897325,-63.2077398145531 -32.3865289803995,-63.2077398145531 -32.3865289803995)))";"133"
"MULTIPOLYGON (((-63.2082893097361 -32.383982020008,-63.2112392360512 -32.3838398936321,-63.2112548148293 -32.3809258878089,-63.2084838739827 -32.3837739931844,-63.2082893097361 -32.383982020008,-63.2082893097361 -32.383982020008)))";"134"
"MULTIPOLYGON (((-63.2059780035151 -32.3865095133117,-63.2077398145532 -32.3865289803995,-63.2077433127359 -32.3845657897325,-63.2062473275735 -32.386165218263,-63.205978168388 -32.3865092306572,-63.2059780035151 -32.3865095133117,-63.2059780035151 -32.3865095133117)))";"135"
"MULTIPOLYGON (((-63.2930676679061 -32.4164705839035,-63.292887301718 -32.4133295423711,-63.2917684141533 -32.4130696888031,-63.291779788006 -32.4162543639316,-63.2930676679061 -32.4164705839035,-63.2930676679061 -32.4164705839035)))";"136"
"MULTIPOLYGON (((-63.2935749281414 -32.4166511984567,-63.2934201464633 -32.4135205279424,-63.2932899570286 -32.4134669063671,-63.2931576457449 -32.4134171621666,-63.2930233730398 -32.4133713556549,-63.292887301718 -32.4133295423711,-63.2930676679061 -32.4164705839035,-63.2935749281414 -32.4166511984567,-63.2935749281414 -32.4166511984567)))";"137"
"MULTIPOLYGON (((-63.2943765121102 -32.4171238292227,-63.2942113546862 -32.4139706513878,-63.2940888788655 -32.4138844231435,-63.2939623592122 -32.4138025036998,-63.2938320062619 -32.4137250293687,-63.2936980369273 -32.4136521290651,-63.2935606741366 -32.4135839240928,-63.2934201464633 -32.4135205279424,-63.2935749281414 -32.4166511984567,-63.2936871707274 -32.4166937592175,-63.2937965726499 -32.4167413452331,-63.2939028214791 -32.4167938206093,-63.2940056137885 -32.4168510354889,-63.2941046560208 -32.4169128264795,-63.2941996653263 -32.41697901712,-63.2942903703708 -32.4170494183847,-63.2943765121102 -32.4171238292227,-63.2943765121102 -32.4171238292227)))";"138"
"MULTIPOLYGON (((-63.2943765121102 -32.4171238292227,-63.2944574390863 -32.4171876430417,-63.2947186513596 -32.4175031641332,-63.295142651563 -32.4181403999618,-63.2951506352377 -32.4184326540018,-63.2952152062625 -32.4188261761957,-63.2952808425987 -32.4195465640649,-63.2954644574029 -32.4197847235605,-63.2955950052586 -32.4210012258934,-63.2956725746914 -32.4210666561029,-63.2991167971395 -32.4173947992787,-63.2942113546862 -32.4139706513878,-63.2943765121102 -32.4171238292227,-63.2943765121102 -32.4171238292227)))";"139"
"MULTIPOLYGON (((-63.2943557437606 -32.4130966064263,-63.3012605794967 -32.4180806796306,-63.3020060852275 -32.4176887886646,-63.3038672788117 -32.4169983678319,-63.3044992567314 -32.416728428473,-63.3056575211687 -32.4161291491848,-63.3082843644731 -32.415642533623,-63.3081366931064 -32.3986612217071,-63.2942179454644 -32.3901672761519,-63.2943353620393 -32.4029265100969,-63.2943557437606 -32.4130966064263,-63.2943557437606 -32.4130966064263)))";"140"
"MULTIPOLYGON (((-63.2112548148293 -32.3809258878089,-63.2112392360512 -32.3838398936321,-63.2112039308887 -32.3904433927967,-63.2115892490175 -32.3906229732275,-63.2194862004086 -32.3956141671706,-63.2219989314594 -32.3927657561032,-63.2253639757699 -32.3889614066211,-63.2200352993363 -32.385475927989,-63.2170050551914 -32.3835132744982,-63.2131414676044 -32.3810385087292,-63.2118912893534 -32.3802771213902,-63.2112548148293 -32.3809258878089,-63.2112548148293 -32.3809258878089)))";"141"
"MULTIPOLYGON (((-63.2094614723559 -32.3904192753475,-63.2095263450759 -32.3894808605015,-63.2077210632027 -32.3894838481573,-63.2077398145531 -32.3865289803995,-63.2059780035151 -32.3865095133117,-63.2046835836494 -32.3887285767342,-63.2046734062444 -32.3887811020019,-63.2046714289473 -32.3888343059469,-63.204677685876 -32.3888872709314,-63.2046920691279 -32.3889390834375,-63.2047143306398 -32.3889888498234,-63.2047440864658 -32.3890357117364,-63.2047808233984 -32.3890788609181,-63.2048239078198 -32.3891175531446,-63.2048725966296 -32.3891511210636,-63.2049260500618 -32.3891789857046,-63.2049833461688 -32.3892006664653,-63.205043496723 -32.3892157894011,-63.2067076405353 -32.3897240059581,-63.2066403894927 -32.389827903633,-63.2069786184228 -32.3901744997458,-63.2077214909258 -32.390395168135,-63.2094614723559 -32.3904192753475,-63.2094614723559 -32.3904192753475)))";"142"
"MULTIPOLYGON (((-63.3082843644731 -32.415642533623,-63.3147932205504 -32.4144365275365,-63.3141563294605 -32.4132749908542,-63.3140477550873 -32.4123805489194,-63.3149913268751 -32.4107378871677,-63.3145301414933 -32.4095460885281,-63.3145545780197 -32.4093735826532,-63.314586636236 -32.4092019772204,-63.3146262708462 -32.4090315144659,-63.3146734258602 -32.4088624350113,-63.3147280346734 -32.4086949775246,-63.3147900201608 -32.4085293783828,-63.3148592947864 -32.4083658713384,-63.3149357607262 -32.4082046871895,-63.3150193100075 -32.4080460534545,-63.3151098246607 -32.40789019405,-63.3152071768863 -32.4077373289758,-63.3153112292355 -32.4075876740041,-63.3154218348043 -32.4074414403745,-63.3155388374412 -32.4072988344967,-63.315662071967 -32.4071600576587,-63.3157913644092 -32.407025305743,-63.3159265322466 -32.4068947689498,-63.3160673846677 -32.4067686315293,-63.3174009106071 -32.4060793330898,-63.3175756447804 -32.405780655085,-63.3188747233202 -32.4053001943169,-63.3197019991389 -32.4050186495847,-63.3201911078471 -32.4049458308058,-63.3212529347429 -32.4045852432312,-63.3233952237356 -32.4043650329984,-63.3242117416667 -32.4044576520804,-63.323720110224 -32.401931415161,-63.3229148614145 -32.4015297651541,-63.3233220849242 -32.4010767012513,-63.3233382952113 -32.4010406758088,-63.323347225024 -32.4010028661846,-63.3233486261484 -32.4009643233784,-63.3233424596468 -32.4009261187687,-63.3233288969391 -32.400889314332,-63.3233083150372 -32.4008549331228,-63.3232812860641 -32.4008239308359,-63.3232485613496 -32.4007971692414,-63.3232110505456 -32.40077539223,-63.3231697963404 -32.4007592051361,-63.3231259454753 -32.4007490579109,-63.3230807168691 -32.400745232616,-63.3230353677369 -32.4007478355827,-63.3226342192755 -32.4008014908656,-63.3208339492981 -32.4008010947112,-63.3207089622797 -32.4007724506956,-63.3205863955479 -32.4007370712195,-63.3204667528452 -32.4006951016912,-63.3203505258946 -32.4006467146035,-63.3202381923783 -32.4005921088254,-63.3201302139744 -32.4005315087834,-63.3200270344591 -32.4004651635402,-63.3199290778828 -32.4003933457702,-63.3198367468269 -32.4003163506388,-63.3197504207497 -32.4002344945892,-63.3196704544268 -32.400148114042,-63.3195971764927 -32.4000575640118,-63.3195308880908 -32.3999632166483,-63.3195728264239 -32.398100600695,-63.3194716692793 -32.3976940971694,-63.3192310513618 -32.3974516777145,-63.3186114979056 -32.396898755045,-63.3185793898231 -32.3965988737229,-63.3187413514654 -32.3958506931661,-63.3191104218536 -32.395151093455,-63.3080453092789 -32.3881478739026,-63.3082843644731 -32.415642533623,-63.3082843644731 -32.415642533623)))";"143"
"MULTIPOLYGON (((-63.2942302568101 -32.4130060183444,-63.2943557911338 -32.4131202367189,-63.2943557437606 -32.4130966064263,-63.2942302568101 -32.4130060183444)),((-63.2942179454644 -32.3901672761519,-63.3081366931064 -32.3986612217071,-63.3080453092789 -32.3881478739026,-63.2941182565342 -32.3793303641627,-63.2942179454644 -32.3901672761519,-63.2942179454644 -32.3901672761519)))";"144"
"MULTIPOLYGON (((-63.297803335219 -32.4189637886089,-63.3000365266344 -32.4205714497844,-63.3002402652417 -32.4204362621222,-63.3005541714626 -32.4200919443034,-63.3005877195214 -32.420005417415,-63.3006285736295 -32.4199211806867,-63.3006765188395 -32.4198396772749,-63.300731302901 -32.4197613359554,-63.3007926375877 -32.4196865688676,-63.3008602002139 -32.4196157693466,-63.3009336353328 -32.4195493098538,-63.3010125566056 -32.4194875400182,-63.3010965488352 -32.4194307847964,-63.3011851701497 -32.419379342764,-63.301277954327 -32.4193334845446,-63.3013744132479 -32.4192934513863,-63.3014740394633 -32.4192594538928,-63.3015130741954 -32.4192353186839,-63.3015468940333 -32.419206063833,-63.3015745767753 -32.4191724870683,-63.3015953675701 -32.4191355039673,-63.3016086994997 -32.4190961229917,-63.301614209037 -32.4190554179869,-63.3016117459581 -32.419014498901,-63.3016013774369 -32.4189744815181,-63.3015833862128 -32.4189364570333,-63.3015582628793 -32.4189014622979,-63.3015266925064 -32.4188704515468,-63.3014895359586 -32.4188442703792,-63.299324772158 -32.4174894688407,-63.2982882578397 -32.4184916188687,-63.297803335219 -32.4189637886089,-63.297803335219 -32.4189637886089)))";"145"
"MULTIPOLYGON (((-63.3000365266344 -32.4205714497844,-63.297803335219 -32.4189637886089,-63.2975452227016 -32.4192151103109,-63.2967181794824 -32.4200580901506,-63.2967184528278 -32.4201415959753,-63.295842167332 -32.4209846859536,-63.2957646411234 -32.4212198789975,-63.2961595427984 -32.4215529771824,-63.2966440557767 -32.4217617964291,-63.2972298686055 -32.4219799184552,-63.2977811448635 -32.4219595295465,-63.2985793947894 -32.4217667685127,-63.2997350467867 -32.4207714908197,-63.3000365266344 -32.4205714497844,-63.3000365266344 -32.4205714497844)))";"146"
"MULTIPOLYGON (((-63.2378940427847 -32.3766700156243,-63.2346382885351 -32.3772783348904,-63.2347134761703 -32.3775697037449,-63.2325298329576 -32.3780169017858,-63.2273238515761 -32.3790019502949,-63.2303971458597 -32.3903647935685,-63.2305671082595 -32.3903065733155,-63.2311181811059 -32.3901049387433,-63.2314722989742 -32.389982310371,-63.2327955173194 -32.3894532809099,-63.2331690957854 -32.3893121884312,-63.233431753292 -32.3892066487496,-63.2338701583335 -32.3890236093515,-63.2341088370314 -32.3889385669789,-63.2352107151604 -32.3885193626916,-63.2353274859699 -32.3885955124989,-63.2353584225462 -32.3887475332326,-63.2356898600872 -32.3898871691227,-63.235724234382 -32.3902066657154,-63.2359079683524 -32.3907338452948,-63.2360343486799 -32.3911937932845,-63.2360656030501 -32.3913350700568,-63.2361303639007 -32.3915776861746,-63.236195855012 -32.3918672736946,-63.2364021321381 -32.3926415541144,-63.2408109688146 -32.3877321958171,-63.2378940427847 -32.3766700156243,-63.2378940427847 -32.3766700156243)))";"147"
"MULTIPOLYGON (((-63.2375710100003 -32.375888639216,-63.2369495115359 -32.3736780597251,-63.2360053224244 -32.3738587746069,-63.2339505132484 -32.3666432775589,-63.2289083541273 -32.3675313464319,-63.2294296164651 -32.3679956544131,-63.2251935206393 -32.3716179650335,-63.2273238515761 -32.3790019502949,-63.2323954660134 -32.3780423289644,-63.2320810543386 -32.3769427836383,-63.2375710100003 -32.375888639216,-63.2375710100003 -32.375888639216)))";"148"
"MULTIPOLYGON (((-63.2412599332739 -32.3851030728448,-63.2427021581097 -32.3904521311806,-63.2430271404605 -32.3906041085676,-63.2454818417271 -32.3878599395604,-63.2453795628549 -32.3873569934299,-63.2412599332739 -32.3851030728448,-63.2412599332739 -32.3851030728448)))";"149"
