id,paradas,linea,lon,lat
paradas_omnibus.1,,16,-63.2431998,-32.4137368
paradas_omnibus.2,,16,-63.2410004,-32.4159059
paradas_omnibus.3,,16,-63.2361027,-32.4139971
paradas_omnibus.4,,16,-63.2334982,-32.4148418
paradas_omnibus.5,,16,-63.2285897,-32.4126929
paradas_omnibus.6,,16,-63.2261301,-32.4110467
paradas_omnibus.7,,16,-63.2240809,-32.4100005
paradas_omnibus.8,,16,-63.2216241,-32.4095703
paradas_omnibus.9,,16,-63.218215,-32.4086871
paradas_omnibus.10,,16,-63.2154079,-32.4073003
paradas_omnibus.11,,16,-63.2138308,-32.4068926
paradas_omnibus.12,,16,-63.2121196,-32.4068972
paradas_omnibus.13,,16,-63.2119854,-32.4083691
paradas_omnibus.14,,16,-63.2114168,-32.4107151
paradas_omnibus.15,,16,-63.212184,-32.4134731
paradas_omnibus.16,,16,-63.2163615,-32.4110785
paradas_omnibus.17,,16,-63.221876,-32.4087145
paradas_omnibus.18,,16,-63.2242348,-32.4095558
paradas_omnibus.19,,16,-63.226241,-32.4106699
paradas_omnibus.20,,16,-63.2289554,-32.4123183
paradas_omnibus.21,,16,-63.233129,-32.4145464
paradas_omnibus.22,,16,-63.2367982,-32.4128074
paradas_omnibus.23,,16,-63.239251,-32.4121135
paradas_omnibus.24,,16,-63.2410105,-32.4102024
paradas_omnibus.25,,16,-63.2432099,-32.4080013
paradas_omnibus.26,,16,-63.2458886,-32.4104127
paradas_omnibus.27,,16,-63.2110709,-32.4126917
paradas_omnibus.28,,16,-63.2146652,-32.4128208
paradas_omnibus.29,,16,-63.218431,-32.4088083
paradas_omnibus.30,,16 B,-63.2431955,-32.4136788
paradas_omnibus.31,,16 B,-63.2410006,-32.4159847
paradas_omnibus.32,,16 B,-63.2360814,-32.4140872
paradas_omnibus.33,,16 B,-63.2335279,-32.4149431
paradas_omnibus.34,,16 B,-63.2284827,-32.4127128
paradas_omnibus.35,,16 B,-63.2260981,-32.4110575
paradas_omnibus.36,,16 B,-63.2240812,-32.4099072
paradas_omnibus.37,,16 B,-63.221989,-32.4084307
paradas_omnibus.38,,16 B,-63.2170538,-32.4052446
paradas_omnibus.39,,16 B,-63.2145312,-32.4055073
paradas_omnibus.40,,16 B,-63.2146129,-32.4066078
paradas_omnibus.41,,16 B,-63.2160409,-32.407651
paradas_omnibus.42,,16 B,-63.218537,-32.4084874
paradas_omnibus.43,,16 B,-63.2163979,-32.4114413
paradas_omnibus.44,,16 B,-63.2149912,-32.413066
paradas_omnibus.45,,16 B,-63.2111744,-32.4128826
paradas_omnibus.46,,16 B,-63.2123492,-32.4135212
paradas_omnibus.47,,16 B,-63.2145889,-32.4140238
paradas_omnibus.48,,16 B,-63.2154727,-32.4160616
paradas_omnibus.49,,16 B,-63.2178638,-32.417282
paradas_omnibus.50,,16 B,-63.2216646,-32.4141211
paradas_omnibus.51,,16 B,-63.2260489,-32.410682
paradas_omnibus.52,,16 B,-63.2288572,-32.4124075
paradas_omnibus.53,,16 B,-63.2327512,-32.414477
paradas_omnibus.54,,16 B,-63.2379946,-32.4179323
paradas_omnibus.55,,16 B,-63.2410898,-32.4186794
paradas_omnibus.56,,16 B,-63.2435682,-32.4158537
paradas_omnibus.57,,16 B,-63.2452785,-32.4138011
paradas_omnibus.58,,16 B,-63.2473331,-32.4114383
paradas_omnibus.59,,16 B,-63.2459422,-32.4104997
paradas_omnibus.60,,16 B,-63.2458709,-32.4105232
paradas_omnibus.61,,17,-63.2430462,-32.4136397
paradas_omnibus.62,,17,-63.2407073,-32.4160127
paradas_omnibus.63,,17,-63.2385187,-32.4180505
paradas_omnibus.64,,17,-63.2366089,-32.4169365
paradas_omnibus.65,,17,-63.2330362,-32.4176247
paradas_omnibus.66,,17,-63.2314698,-32.4192278
paradas_omnibus.67,,17,-63.2300536,-32.4209033
paradas_omnibus.68,,17,-63.2268457,-32.4219177
paradas_omnibus.69,,17,-63.2254643,-32.4228572
paradas_omnibus.70,,17,-63.2216663,-32.4262511
paradas_omnibus.71,,17,-63.2174391,-32.4282026
paradas_omnibus.72,,17,-63.2156233,-32.4282479
paradas_omnibus.73,,17,-63.2131342,-32.4282117
paradas_omnibus.74,,17,-63.2122705,-32.4300319
paradas_omnibus.75,,17,-63.2110206,-32.4312181
paradas_omnibus.76,,17,-63.2089124,-32.4312679
paradas_omnibus.77,,17,-63.2085395,-32.4287572
paradas_omnibus.78,,17,-63.2086924,-32.4260088
paradas_omnibus.79,,17,-63.2086951,-32.4238911
paradas_omnibus.80,,17,-63.2121792,-32.422424
paradas_omnibus.81,,17,-63.2173694,-32.4207825
paradas_omnibus.82,,17,-63.2206739,-32.4198134
paradas_omnibus.83,,17,-63.222766,-32.4191976
paradas_omnibus.84,,17,-63.2283879,-32.4197591
paradas_omnibus.85,,17,-63.2264782,-32.4186452
paradas_omnibus.86,,17,-63.2309521,-32.4214618
paradas_omnibus.87,,17,-63.2321216,-32.4200851
paradas_omnibus.88,,17,-63.2351256,-32.4167341
paradas_omnibus.89,,17,-63.2409514,-32.4188806
paradas_omnibus.90,,17,-63.2434297,-32.4160186
paradas_omnibus.91,,17,-63.2454253,-32.4137906
paradas_omnibus.92,,17,-63.2476676,-32.4111639
paradas_omnibus.93,,17,-63.2347959,-32.4170568
paradas_omnibus.94,,17,-63.2379502,-32.417872
paradas_omnibus.95,,17,-63.2457767,-32.4106145
paradas_omnibus.96,,17 B,-63.2468829,-32.4095238
paradas_omnibus.97,,17 B,-63.2432029,-32.4136359
paradas_omnibus.98,,17 B,-63.2405207,-32.4162081
paradas_omnibus.99,,17 B,-63.2382033,-32.4181101
paradas_omnibus.100,,17 B,-63.2363109,-32.4172972
paradas_omnibus.101,,17 B,-63.2330051,-32.4175757
paradas_omnibus.102,,17 B,-63.231487,-32.4192082
paradas_omnibus.103,,17 B,-63.2300467,-32.4208044
paradas_omnibus.104,,17 B,-63.226494,-32.421906
paradas_omnibus.105,,17 B,-63.2250953,-32.4232113
paradas_omnibus.106,,17 B,-63.2208332,-32.4265688
paradas_omnibus.107,,17 B,-63.217392,-32.4281558
paradas_omnibus.108,,17 B,-63.2156352,-32.4281625
paradas_omnibus.109,,17 B,-63.212997,-32.4281173
paradas_omnibus.110,,17 B,-63.2122031,-32.4297247
paradas_omnibus.111,,17 B,-63.2088209,-32.4311419
paradas_omnibus.112,,17 B,-63.2086169,-32.4287692
paradas_omnibus.113,,17 B,-63.2086444,-32.4262799
paradas_omnibus.114,,17 B,-63.2086365,-32.4242625
paradas_omnibus.115,,17 B,-63.2123058,-32.4224693
paradas_omnibus.116,,17 B,-63.2169696,-32.4210307
paradas_omnibus.117,,17 B,-63.2224816,-32.4191763
paradas_omnibus.118,,17 B,-63.227064,-32.4179423
paradas_omnibus.119,,17 B,-63.2294499,-32.4170615
paradas_omnibus.120,,17 B,-63.2332211,-32.4146147
paradas_omnibus.121,,17 B,-63.2361124,-32.4113161
paradas_omnibus.122,,17 B,-63.2373596,-32.4097977
paradas_omnibus.123,,17 B,-63.2396465,-32.4073014
paradas_omnibus.124,,17 B,-63.2427968,-32.4046746
paradas_omnibus.125,,17 B,-63.2447092,-32.4058986
paradas_omnibus.126,,17 B,-63.2468402,-32.407247
paradas_omnibus.127,,17 B,-63.21102,-32.431769
paradas_omnibus.128,,19,-63.2433518,-32.4133279
paradas_omnibus.129,,19,-63.2466348,-32.4162805
paradas_omnibus.130,,19,-63.2487806,-32.4177115
paradas_omnibus.131,,19,-63.2507775,-32.4175225
paradas_omnibus.132,,19,-63.252643,-32.4155197
paradas_omnibus.133,,19,-63.2542523,-32.4137445
paradas_omnibus.134,,19,-63.2590373,-32.4125671
paradas_omnibus.135,,19,-63.2613991,-32.4137397
paradas_omnibus.136,,19,-63.2635824,-32.4148787
paradas_omnibus.137,,19,-63.2649396,-32.4134612
paradas_omnibus.138,,19,-63.2687672,-32.4135314
paradas_omnibus.139,,19,-63.2712347,-32.4128385
paradas_omnibus.140,,19,-63.2717229,-32.4103477
paradas_omnibus.141,,19,-63.2722438,-32.4073699
paradas_omnibus.142,,19,-63.2730887,-32.4102367
paradas_omnibus.143,,19,-63.2736681,-32.4108119
paradas_omnibus.144,,19,-63.2735224,-32.4127748
paradas_omnibus.145,,19,-63.2734259,-32.4148104
paradas_omnibus.146,,19,-63.2709796,-32.4155713
paradas_omnibus.147,,19,-63.2673003,-32.4160671
paradas_omnibus.148,,19,-63.2659336,-32.4175853
paradas_omnibus.149,,19,-63.2641661,-32.41808
paradas_omnibus.150,,19,-63.2622671,-32.416966
paradas_omnibus.151,,19,-63.2604861,-32.4159245
paradas_omnibus.152,,19,-63.25804,-32.4145659
paradas_omnibus.153,,19,-63.2564736,-32.4146745
paradas_omnibus.154,,19,-63.2535312,-32.4162574
paradas_omnibus.155,,19,-63.2504117,-32.4198823
paradas_omnibus.156,,19,-63.2484054,-32.4188408
paradas_omnibus.157,,19,-63.2460987,-32.417437
paradas_omnibus.158,,19,-63.2442458,-32.4162262
paradas_omnibus.159,,19,-63.2456083,-32.413817
paradas_omnibus.160,,19,-63.2473357,-32.4114892
paradas_omnibus.161,,19,-63.2462539,-32.4100763
paradas_omnibus.162,,19,-63.2689396,-32.4156709
paradas_omnibus.163,,19,-63.255419,-32.4142942
paradas_omnibus.164,,19,-63.2522035,-32.4177902
paradas_omnibus.165,,20,-63.2461827,-32.410251
paradas_omnibus.166,,20,-63.2488926,-32.4114404
paradas_omnibus.167,,20,-63.2525614,-32.4096782
paradas_omnibus.168,,20,-63.2552028,-32.406706
paradas_omnibus.169,,20,-63.2578072,-32.4038169
paradas_omnibus.170,,20,-63.2610476,-32.4057847
paradas_omnibus.171,,20,-63.2595604,-32.4077696
paradas_omnibus.172,,20,-63.2605217,-32.4104494
paradas_omnibus.173,,20,-63.2649338,-32.4132386
paradas_omnibus.174,,20,-63.2687098,-32.4135264
paradas_omnibus.175,,20,-63.2712105,-32.4128348
paradas_omnibus.176,,20,-63.2716826,-32.4102933
paradas_omnibus.177,,20,-63.2722377,-32.4072741
paradas_omnibus.178,,20,-63.2730643,-32.4103144
paradas_omnibus.179,,20,-63.273522,-32.4127243
paradas_omnibus.180,,20,-63.2710074,-32.4127585
paradas_omnibus.181,,20,-63.2666712,-32.412485
paradas_omnibus.182,,20,-63.2635226,-32.4134413
paradas_omnibus.183,,20,-63.2590137,-32.4108567
paradas_omnibus.184,,20,-63.2555587,-32.4085274
paradas_omnibus.185,,20,-63.2534089,-32.407139
paradas_omnibus.186,,20,-63.2502875,-32.4104427
paradas_omnibus.187,,20,-63.2736913,-32.4108129
paradas_omnibus.188,,20,-63.2435243,-32.4134468
paradas_omnibus.189,,20,-63.2461724,-32.4129938
paradas_omnibus.190,,102,-63.2467983,-32.4095011
paradas_omnibus.191,,102,-63.2432873,-32.413749
paradas_omnibus.192,,102,-63.2410326,-32.4160351
paradas_omnibus.193,,102,-63.2383933,-32.4181047
paradas_omnibus.194,,102,-63.2350888,-32.4166375
paradas_omnibus.195,,102,-63.2327606,-32.4145769
paradas_omnibus.196,,102,-63.2360034,-32.4113865
paradas_omnibus.197,,102,-63.2378098,-32.4093622
paradas_omnibus.198,,102,-63.2395144,-32.4073807
paradas_omnibus.199,,102,-63.241231,-32.4055963
paradas_omnibus.200,,102,-63.2442847,-32.4020896
paradas_omnibus.201,,102,-63.2479254,-32.3989963
paradas_omnibus.202,,102,-63.2523734,-32.4019698
paradas_omnibus.203,,102,-63.2569224,-32.3991477
paradas_omnibus.204,,102,-63.2598353,-32.394614
paradas_omnibus.205,,102,-63.2605491,-32.3825861
paradas_omnibus.206,,102,-63.2459365,-32.3928509
paradas_omnibus.207,,102,-63.2455127,-32.3942415
paradas_omnibus.208,,102,-63.2437693,-32.3952607
paradas_omnibus.209,,102,-63.2445181,-32.3966492
paradas_omnibus.210,,102,-63.2473694,-32.3984349
paradas_omnibus.211,,102,-63.2428166,-32.4046191
paradas_omnibus.212,,102,-63.2446657,-32.4058447
paradas_omnibus.213,,102,-63.2468919,-32.4072623
paradas_omnibus.214,,102,-63.2472792,-32.3987411
paradas_omnibus.215,,102,-63.2581981,-32.3837867
paradas_omnibus.216,,102,-63.2508728,-32.3884527
paradas_omnibus.217,,102,-63.2482818,-32.3913224
paradas_omnibus.218,,102,-63.2443499,-32.4026483
paradas_omnibus.219,,102,-63.2467273,-32.4096915
paradas_omnibus.220,,103,-63.2467983,-32.4095011
paradas_omnibus.221,,103,-63.2432873,-32.413749
paradas_omnibus.222,,103,-63.2410326,-32.4160351
paradas_omnibus.223,,103,-63.2383933,-32.4181047
paradas_omnibus.224,,103,-63.2350888,-32.4166375
paradas_omnibus.225,,103,-63.2327606,-32.4145769
paradas_omnibus.226,,103,-63.2360034,-32.4113865
paradas_omnibus.227,,103,-63.2378098,-32.4093622
paradas_omnibus.228,,103,-63.2395144,-32.4073807
paradas_omnibus.229,,103,-63.241231,-32.4055963
paradas_omnibus.230,,103,-63.2442847,-32.4020896
paradas_omnibus.231,,103,-63.2506291,-32.3952232
paradas_omnibus.232,,103,-63.2527811,-32.3964983
paradas_omnibus.233,,103,-63.2544656,-32.3975084
paradas_omnibus.234,,103,-63.256386,-32.3986948
paradas_omnibus.235,,103,-63.2598353,-32.394614
paradas_omnibus.236,,103,-63.2605491,-32.3825861
paradas_omnibus.237,,103,-63.2467519,-32.3928328
paradas_omnibus.238,,103,-63.2455127,-32.3942415
paradas_omnibus.239,,103,-63.2437693,-32.3952607
paradas_omnibus.240,,103,-63.2445181,-32.3966492
paradas_omnibus.241,,103,-63.2473694,-32.3984349
paradas_omnibus.242,,103,-63.2428166,-32.4046191
paradas_omnibus.243,,103,-63.2446657,-32.4058447
paradas_omnibus.244,,103,-63.2468919,-32.4072623
paradas_omnibus.245,,103,-63.2472792,-32.3987411
paradas_omnibus.246,,103,-63.2581981,-32.3837867
paradas_omnibus.247,,103,-63.2508728,-32.3884527
paradas_omnibus.248,,103,-63.2482818,-32.3913224
paradas_omnibus.249,,103,-63.2443499,-32.4026483
paradas_omnibus.250,,104,-63.233112,-32.4145103
paradas_omnibus.251,,104,-63.23588,-32.411304
paradas_omnibus.252,,104,-63.2374384,-32.4095717
paradas_omnibus.253,,104,-63.2395628,-32.4073593
paradas_omnibus.254,,104,-63.2412472,-32.4054889
paradas_omnibus.255,,104,-63.2444068,-32.4019448
paradas_omnibus.256,,104,-63.247308,-32.3987081
paradas_omnibus.257,,104,-63.2444924,-32.4025473
paradas_omnibus.258,,104,-63.2418987,-32.4054368
paradas_omnibus.259,,104,-63.2404799,-32.407022
paradas_omnibus.260,,104,-63.2372612,-32.4107719
paradas_omnibus.261,,104,-63.2354588,-32.412837
paradas_omnibus.262,,104,-63.2336214,-32.41483
paradas_omnibus.263,,104,-63.260625,-32.3826646
paradas_omnibus.264,,104,-63.2476148,-32.3988983
paradas_omnibus.265,Centro de  Transferencia,12,-63.2461354,-32.4103727
paradas_omnibus.266,jose ingnieros,12,-63.2428492,-32.4093765
paradas_omnibus.267,Lisandro catamarca,12,-63.2431897,-32.4075495
paradas_omnibus.268,san juan españa,12,-63.2417655,-32.4056716
paradas_omnibus.269,san juan planes,12,-63.2382291,-32.4034395
paradas_omnibus.270,salta y planes,12,-63.239609,-32.4013848
paradas_omnibus.271,planes y velez,12,-63.2414605,-32.3993718
paradas_omnibus.272,L y Planes-Tte. Ibañez,12,-63.243127,-32.3977451
paradas_omnibus.273,independencia ibanez,12,-63.2413613,-32.3965399
paradas_omnibus.274,ibanes y arines,12,-63.2392938,-32.3952297
paradas_omnibus.275,ibanez y poretti,12,-63.2361979,-32.3932048
paradas_omnibus.276,Tte. Ibañez-Int. Reyno,12,-63.2341575,-32.3918847
paradas_omnibus.277,reyno y velez,12,-63.2317685,-32.394595
paradas_omnibus.278,reyno y rioja,12,-63.230136,-32.3964646
paradas_omnibus.279,reyno y catamarca,12,-63.2284648,-32.3983443
paradas_omnibus.280,Int. Reyno-Bs. As.,12,-63.2267726,-32.4001996
paradas_omnibus.281,bsas y monteagudo,12,-63.2245782,-32.3991876
paradas_omnibus.282,Bs. As. - M. Gilli,12,-63.2214162,-32.3971192
paradas_omnibus.283,ferrary y catamarca,12,-63.2224614,-32.3949873
paradas_omnibus.284,catamarca y sarno,12,-63.2235594,-32.3953502
paradas_omnibus.285,sarno y bsas,12,-63.2221281,-32.3972719
paradas_omnibus.286,Brandsen-Entre Rios,12,-63.225898,-32.4019638
paradas_omnibus.287,mendoza y gorriti,12,-63.22266,-32.4026749
paradas_omnibus.288,perazzolo y tucuman,12,-63.2199027,-32.4018959
paradas_omnibus.289,Perazzolo y santiago,12,-63.2181565,-32.4038004
paradas_omnibus.290,sarmiento y perazzolo,12,-63.2173099,-32.4051836
paradas_omnibus.291,sarmiento y gorriti,12,-63.2191984,-32.4063874
paradas_omnibus.292,brandsen y santiago,12,-63.2216177,-32.4063392
paradas_omnibus.293,brandsen y mendoza,12,-63.2240166,-32.4036843
paradas_omnibus.294,mendoza y 17 de agosto,12,-63.2266765,-32.4050357
paradas_omnibus.295,mendoza y ruta pesada,12,-63.2287186,-32.4063701
paradas_omnibus.296,Bs. As.-Int. Peña,12,-63.2320745,-32.4038568
paradas_omnibus.297,bsas y planes,12,-63.2354701,-32.4060276
paradas_omnibus.298,Bs. As-España,12,-63.2387726,-32.408118
paradas_omnibus.299,Bv. España-Catamarca,12,-63.2410489,-32.406495
paradas_omnibus.300,catamarca y lisandro,12,-63.2433461,-32.4079274
paradas_omnibus.301,,13,-63.2462176,-32.4100772
paradas_omnibus.302,,13,-63.2430406,-32.409523
paradas_omnibus.303,,13,-63.2430715,-32.4077386
paradas_omnibus.304,,13,-63.2418846,-32.4057345
paradas_omnibus.305,,13,-63.2382181,-32.403436
paradas_omnibus.306,,13,-63.235949,-32.401973
paradas_omnibus.307,,13,-63.2330361,-32.400116
paradas_omnibus.308,,13,-63.228082,-32.3982468
paradas_omnibus.309,,13,-63.2245361,-32.3991527
paradas_omnibus.310,,13,-63.2214569,-32.3971303
paradas_omnibus.311,,13,-63.2224933,-32.3949648
paradas_omnibus.312,,13,-63.2235273,-32.3953486
paradas_omnibus.313,,13,-63.226065,-32.3968547
paradas_omnibus.314,,13,-63.2296252,-32.3966569
paradas_omnibus.315,,13,-63.2323369,-32.3935926
paradas_omnibus.316,,13,-63.2335534,-32.3922458
paradas_omnibus.317,,13,-63.2361282,-32.3929841
paradas_omnibus.318,,13,-63.2409656,-32.3947167
paradas_omnibus.319,,13,-63.2379588,-32.4016377
paradas_omnibus.320,,13,-63.2428351,-32.4046621
paradas_omnibus.321,,13,-63.2447207,-32.4059042
paradas_omnibus.322,,13,-63.2468396,-32.4072584
paradas_omnibus.323,,13,-63.2300304,-32.40264
paradas_omnibus.324,,13,-63.2270838,-32.4007535
paradas_omnibus.325,,13,-63.2397044,-32.3964816
paradas_omnibus.326,,13,-63.2415323,-32.3978158
paradas_omnibus.327,,13,-63.2394552,-32.4000334
paradas_omnibus.328,,13,-63.2421597,-32.3873098
paradas_omnibus.329,,13,-63.2412972,-32.3912204
paradas_omnibus.330,,13,-63.2461318,-32.410512
paradas_omnibus.331,,14,-63.2435043,-32.4135934
paradas_omnibus.332,,14,-63.2358493,-32.4110645
paradas_omnibus.333,,14,-63.2399153,-32.4135125
paradas_omnibus.334,,14,-63.2467766,-32.4096172
paradas_omnibus.335,,14,-63.2286319,-32.4065162
paradas_omnibus.336,,14,-63.2304987,-32.4076847
paradas_omnibus.337,,14,-63.2267974,-32.4053363
paradas_omnibus.338,,14,-63.224319,-32.4037874
paradas_omnibus.339,,14,-63.2220659,-32.4034431
paradas_omnibus.340,,14,-63.2190297,-32.4022928
paradas_omnibus.341,,14,-63.2210681,-32.4074787
paradas_omnibus.342,,14,-63.2216904,-32.4086291
paradas_omnibus.343,,14,-63.2183967,-32.4086381
paradas_omnibus.344,,14,-63.2154033,-32.4073247
paradas_omnibus.345,,14,-63.2139335,-32.4068447
paradas_omnibus.346,,14,-63.2120452,-32.4068628
paradas_omnibus.347,,14,-63.2118414,-32.4056852
paradas_omnibus.348,,14,-63.214663,-32.4043628
paradas_omnibus.349,,14,-63.2220612,-32.4065233
paradas_omnibus.350,,14,-63.2239172,-32.4039689
paradas_omnibus.351,,14,-63.2266746,-32.4050197
paradas_omnibus.352,,14,-63.2287989,-32.4062697
paradas_omnibus.353,,14,-63.2309983,-32.4077008
paradas_omnibus.354,,14,-63.2327578,-32.4088421
paradas_omnibus.355,,14,-63.2353113,-32.4104997
paradas_omnibus.356,,14,-63.2375214,-32.4096483
paradas_omnibus.357,,14,-63.2395711,-32.40732
paradas_omnibus.358,,14,-63.2426611,-32.4045572
paradas_omnibus.359,,14,-63.2447136,-32.4058456
paradas_omnibus.360,,14,-63.2468486,-32.4072315
paradas_omnibus.361,,14,-63.2329204,-32.4092439
paradas_omnibus.362,,14,-63.2377323,-32.4120925
paradas_omnibus.363,,14,-63.2175277,-32.4039189
paradas_omnibus.364,,15,-63.2430442,-32.4094543
paradas_omnibus.365,,15,-63.241219,-32.4082451
paradas_omnibus.366,,15,-63.237873,-32.411927
paradas_omnibus.367,,15,-63.2350097,-32.4133229
paradas_omnibus.368,,15,-63.2331361,-32.4121308
paradas_omnibus.369,,15,-63.2308562,-32.4113745
paradas_omnibus.370,,15,-63.2288151,-32.4136751
paradas_omnibus.371,,15,-63.2256528,-32.4172662
paradas_omnibus.372,,15,-63.2229653,-32.4166549
paradas_omnibus.373,,15,-63.2209429,-32.4154367
paradas_omnibus.374,,15,-63.2196071,-32.416784
paradas_omnibus.375,,15,-63.2162865,-32.4179523
paradas_omnibus.376,,15,-63.2133106,-32.4185081
paradas_omnibus.377,,15,-63.2100249,-32.4218762
paradas_omnibus.378,,15,-63.2077317,-32.421934
paradas_omnibus.379,,15,-63.2053069,-32.4227015
paradas_omnibus.380,,15,-63.2085564,-32.4227785
paradas_omnibus.381,,15,-63.2097513,-32.4220201
paradas_omnibus.382,,15,-63.2108832,-32.4186102
paradas_omnibus.383,,15,-63.2108805,-32.416261
paradas_omnibus.384,,15,-63.2109073,-32.4139888
paradas_omnibus.385,,15,-63.2120338,-32.413502
paradas_omnibus.386,,15,-63.2133159,-32.4155353
paradas_omnibus.387,,15,-63.2177885,-32.4172924
paradas_omnibus.388,,15,-63.220802,-32.4176626
paradas_omnibus.389,,15,-63.2223416,-32.4184313
paradas_omnibus.390,,15,-63.2239161,-32.416577
paradas_omnibus.391,,15,-63.2256863,-32.4146025
paradas_omnibus.392,,15,-63.2280789,-32.4118718
paradas_omnibus.393,,15,-63.2298839,-32.4098496
paradas_omnibus.394,,15,-63.2312988,-32.4082362
paradas_omnibus.395,,15,-63.2326869,-32.408919
paradas_omnibus.396,,15,-63.2360021,-32.4110294
paradas_omnibus.397,,15,-63.2374558,-32.4097069
paradas_omnibus.398,,15,-63.2394997,-32.4074425
paradas_omnibus.399,,15,-63.2432655,-32.4078727
paradas_omnibus.400,,15,-63.2462297,-32.4102521
paradas_omnibus.401,,15,-63.2395932,-32.4100233
paradas_omnibus.402,,15,-63.2273965,-32.4152647
